week_start,user_id,run_count,total_distance_km,avg_pace_min_per_km,total_elevation_m,total_running_time_s,avg_cadence,avg_hr,longest_run_km,training_load,target_next_week_pace,target_next_week_km
2005-09-19,614320,3,32.95,4.79,164.6,9479,88.0,148.5,14.68,47.403,4.86,71.05
2005-09-26,614320,6,71.05,4.86,342.9,20703,88.0,136.8,24.1,248.524,4.45,7.57
2005-10-03,614320,1,7.57,4.45,36.9,2022,88.0,136.8,7.57,24.273,5.27,23.67
2005-10-10,614320,3,23.67,5.27,20.7,7489,88.0,136.8,20.6,89.9,5.29,30.02
2005-10-17,614320,5,30.02,5.29,83.6,9526,88.0,136.8,19.1,114.352,5.09,42.5
2005-10-24,614320,1,42.5,5.09,287.7,12971,88.0,136.8,42.5,155.707,5.13,47.04
2005-10-31,614320,4,47.04,5.13,96.8,14483,88.0,136.8,21.14,173.857,4.72,33.59
2005-11-07,614320,4,33.59,4.72,31.3,9502,88.0,136.8,12.36,114.064,5.0,48.1
2005-11-14,614320,4,48.1,5.0,171.0,14432,88.0,136.8,21.26,173.245,5.18,82.34
2005-11-21,614320,5,82.34,5.18,720.8,25571,88.0,136.8,29.4,306.961,5.2,63.7
2005-11-28,614320,4,63.7,5.2,113.4,19860,88.0,136.8,23.34,238.404,4.75,81.14
2005-12-05,614320,6,81.14,4.75,145.1,23105,88.0,136.8,16.27,277.358,4.79,87.05
2005-12-12,614320,5,87.05,4.79,73.8,25021,88.0,139.3,21.44,190.268,4.37,66.52
2005-12-19,614320,5,66.52,4.37,526.9,17431,88.0,147.1,16.26,222.714,4.55,17.64
2005-12-26,614320,2,17.64,4.55,103.4,4816,88.0,134.6,12.4,57.55,4.71,84.59
2006-01-02,614320,6,84.59,4.71,58.3,23927,88.0,136.3,24.46,287.265,4.35,61.46
2006-01-09,614320,5,61.46,4.35,292.6,16038,88.0,138.0,14.57,193.064,3.96,59.5
2006-01-16,614320,4,59.5,3.96,285.5,14153,88.0,138.0,23.54,172.241,4.06,75.76
2006-01-23,614320,7,75.76,4.06,162.2,18446,88.0,140.2,20.77,226.521,4.72,64.33
2006-01-30,614320,5,64.33,4.72,21.6,18217,88.0,131.4,23.29,209.785,4.23,81.38
2006-02-06,614320,6,81.38,4.23,496.3,20671,88.0,139.0,26.42,253.632,4.74,33.16
2006-02-13,614320,3,33.16,4.74,194.5,9437,88.0,134.6,12.34,111.801,4.17,39.21
2006-02-20,614320,4,39.21,4.17,50.6,9820,88.0,147.7,12.45,126.299,3.8,58.2
2006-02-27,614320,4,58.2,3.8,204.3,13279,88.0,140.5,28.78,157.539,4.29,66.63
2006-03-06,614320,4,66.63,4.29,583.4,17158,88.0,139.0,25.87,209.984,3.84,50.61
2006-03-13,614320,3,50.61,3.84,200.5,11675,88.0,135.6,18.79,138.509,4.42,42.57
2006-03-20,614320,4,42.57,4.42,124.1,11299,88.0,135.2,14.07,132.288,4.52,26.89
2006-04-10,614320,2,26.89,4.52,157.7,7290,88.0,157.0,14.51,52.953,3.56,61.16
2006-04-17,614320,4,61.16,3.56,221.8,13062,88.0,151.6,21.1,174.276,4.29,72.52
2006-04-24,614320,4,72.52,4.29,75.3,18657,88.0,143.9,30.14,233.029,4.25,93.45
2006-05-01,614320,6,93.45,4.25,301.5,23810,88.0,138.6,30.66,283.812,3.13,27.0
2006-05-08,614320,2,27.0,3.13,161.9,5069,88.0,137.8,15.41,61.289,4.34,41.66
2006-05-15,614320,3,41.66,4.34,105.0,10842,88.0,140.9,20.71,136.502,3.89,65.91
2006-05-22,614320,3,65.91,3.89,235.4,15369,88.0,147.0,42.53,197.351,3.89,41.28
2006-05-29,614320,3,41.28,3.89,158.6,9641,88.0,142.3,15.82,120.999,3.78,99.24
2006-06-05,614320,6,99.24,3.78,404.0,22530,88.0,140.6,19.95,277.371,4.34,40.97
2006-06-19,614320,4,40.97,4.34,177.6,10665,88.0,138.5,20.0,131.087,4.43,46.15
2006-06-26,614320,4,46.15,4.43,182.4,12263,88.0,135.6,14.3,145.963,3.74,42.13
2006-07-10,614320,3,42.13,3.74,257.3,9444,88.0,143.7,23.06,119.742,3.85,71.98
2006-07-17,614320,5,71.98,3.85,230.1,16645,88.0,145.8,29.32,214.274,4.15,80.76
2006-07-24,614320,5,80.76,4.15,758.9,20092,88.0,140.9,25.85,248.667,4.23,89.54
2006-07-31,614320,5,89.54,4.23,216.0,22724,88.0,136.3,29.9,268.931,4.15,78.56
2006-08-07,614320,5,78.56,4.15,757.9,19567,88.0,142.7,25.85,244.125,4.29,81.53
2006-08-14,614320,5,81.53,4.29,152.6,20994,88.0,140.3,22.96,260.197,3.97,85.33
2006-08-21,614320,5,85.33,3.97,913.7,20328,88.0,135.5,31.98,241.34,3.51,78.21
2006-08-28,614320,8,78.21,3.51,366.2,16469,88.0,136.6,33.83,192.303,3.64,68.54
2006-09-04,614320,11,68.54,3.64,88.1,14963,88.0,142.6,21.02,180.449,4.8,27.96
2006-09-11,614320,1,27.96,4.8,23.6,8060,88.0,135.3,27.96,95.659,3.68,36.72
2006-09-18,614320,13,36.72,3.68,163.5,8099,88.0,140.4,13.62,100.096,4.01,45.41
2006-09-25,614320,5,45.41,4.01,87.8,10940,88.0,146.2,15.96,140.006,3.85,57.13
2006-10-02,614320,6,57.13,3.85,121.1,13214,88.0,142.2,42.01,170.627,4.45,71.33
2006-10-09,614320,7,71.33,4.45,134.8,19061,88.0,134.5,20.84,227.866,4.12,28.86
2006-10-16,614320,9,28.86,4.12,169.2,7142,88.0,146.6,8.01,89.759,3.49,25.15
2006-10-23,614320,3,25.15,3.49,48.6,5273,88.0,151.4,11.98,69.26,3.88,63.26
2006-10-30,614320,12,63.26,3.88,93.8,14740,88.0,146.0,19.88,186.373,3.98,34.43
2006-11-06,614320,4,34.43,3.98,188.4,8228,88.0,159.3,11.01,115.269,4.4,32.79
2006-11-13,614320,7,32.79,4.4,47.3,8647,88.0,157.7,11.97,64.734,3.68,27.14
2006-11-20,614320,4,27.14,3.68,156.6,5991,88.0,141.6,11.04,74.725,3.95,67.92
2006-11-27,614320,5,67.92,3.95,274.7,16081,88.0,137.6,14.87,193.005,4.61,11.97
2006-12-04,614320,1,11.97,4.61,70.2,3314,88.0,145.6,11.97,42.326,3.72,30.07
2006-12-11,614320,6,30.07,3.72,165.6,6708,88.0,143.1,14.91,82.311,3.39,21.29
2006-12-18,614320,2,21.29,3.39,126.0,4324,88.0,148.2,11.56,56.17,4.74,11.93
2006-12-25,614320,1,11.93,4.74,70.0,3397,88.0,148.6,11.93,44.28,4.21,42.9
2007-01-15,614320,5,42.9,4.21,180.6,10838,88.0,146.2,11.82,139.84,3.18,34.35
2007-01-22,614320,4,34.35,3.18,216.9,6550,88.0,146.4,10.91,84.174,4.0,38.86
2007-01-29,614320,4,38.86,4.0,134.8,9326,88.0,148.9,14.01,120.998,4.19,82.16
2007-02-05,614320,6,82.16,4.19,309.5,20636,88.0,140.7,20.91,255.326,4.8,45.85
2007-02-12,614320,4,45.85,4.8,22.6,13211,88.0,141.0,14.0,162.936,4.53,83.4
2007-02-19,614320,8,83.4,4.53,68.2,22679,88.0,142.9,15.96,284.419,3.79,55.94
2007-02-26,614320,10,55.94,3.79,165.4,12733,88.0,138.2,20.91,151.279,3.73,46.64
2007-03-05,614320,14,46.64,3.73,156.9,10434,88.0,134.7,13.1,124.97,3.71,39.18
2007-03-12,614320,3,39.18,3.71,291.6,8711,88.0,141.7,15.49,107.449,3.97,30.64
2007-03-19,614320,3,30.64,3.97,57.0,7305,88.0,141.6,12.98,91.868,3.31,37.95
2007-03-26,614320,4,37.95,3.31,201.6,7542,88.0,140.6,14.06,95.939,4.36,25.91
2007-04-02,614320,2,25.91,4.36,22.9,6774,88.0,143.7,14.0,85.373,4.02,64.65
2007-04-09,614320,5,64.65,4.02,223.3,15604,88.0,137.9,15.12,188.295,4.14,22.99
2007-04-16,614320,2,22.99,4.14,57.5,5711,88.0,138.8,11.94,69.325,4.45,61.74
2007-04-23,614320,4,61.74,4.45,241.7,16475,88.0,138.0,19.81,199.885,4.83,11.8
2007-04-30,614320,1,11.8,4.83,69.2,3416,88.0,146.4,11.8,43.869,4.03,41.15
2007-05-07,614320,4,41.15,4.03,244.0,9956,88.0,142.5,11.11,123.084,4.01,51.91
2007-05-14,614320,5,51.91,4.01,191.3,12483,88.0,141.0,13.93,154.955,4.0,54.58
2007-05-21,614320,6,54.58,4.0,146.5,13111,88.0,146.8,20.94,170.1,4.56,15.92
2007-05-28,614320,1,15.92,4.56,21.2,4361,88.0,141.8,15.92,54.245,5.16,11.87
2007-06-11,614320,1,11.87,5.16,69.6,3672,88.0,136.8,11.87,44.08,4.81,54.45
2007-06-18,614320,4,54.45,4.81,129.4,15706,88.0,144.0,15.88,155.613,4.7,87.15
2007-06-25,614320,6,87.15,4.7,363.4,24552,88.0,139.9,25.88,299.68,4.45,99.6
2007-07-02,614320,11,99.6,4.45,365.1,26619,88.0,141.1,26.82,317.518,4.14,31.51
2007-07-09,614320,12,31.51,4.14,83.0,7821,88.0,138.3,10.84,94.446,4.12,92.05
2007-07-16,614320,5,92.05,4.12,362.6,22751,88.0,138.4,28.94,274.127,4.36,81.32
2007-07-23,614320,12,81.32,4.36,664.9,21256,88.0,143.6,28.94,259.038,4.01,43.6
2007-07-30,614320,5,43.6,4.01,206.0,10498,88.0,140.3,19.11,123.363,4.17,85.61
2007-08-06,614320,5,85.61,4.17,943.9,21433,88.0,137.6,29.03,258.623,4.3,118.64
2007-08-13,614320,11,118.64,4.3,399.0,30608,88.0,140.6,32.88,368.692,4.28,57.58
2007-08-20,614320,7,57.58,4.28,275.0,14795,88.0,137.9,20.78,165.139,4.3,97.67
2007-08-27,614320,11,97.67,4.3,360.5,25204,88.0,136.6,26.96,286.03,3.77,52.38
2007-09-03,614320,3,52.38,3.77,177.3,11854,88.0,144.4,20.99,152.612,3.89,68.63
2007-09-10,614320,5,68.63,3.89,305.2,16023,88.0,131.5,26.54,184.663,3.53,22.82
2007-09-17,614320,2,22.82,3.53,50.7,4827,88.0,144.8,11.94,60.989,3.26,22.81
2007-09-24,614320,2,22.81,3.26,106.3,4469,88.0,144.3,11.8,56.695,4.49,51.78
2007-10-01,614320,3,51.78,4.49,295.8,13935,88.0,146.3,42.11,184.142,2.45,2.4
2007-10-08,614320,1,2.4,2.45,10.5,353,88.0,140.2,2.4,4.341,4.12,14.56
2007-10-15,614320,2,14.56,4.12,20.0,3601,88.0,145.6,11.86,47.628,4.94,11.94
2007-10-22,614320,2,11.94,4.94,70.0,3538,88.0,70.8,11.94,43.915,3.94,11.15
2007-10-29,614320,1,11.15,3.94,40.6,2636,88.0,150.1,11.15,34.707,4.53,14.85
2007-12-03,614320,3,14.85,4.53,87.1,4036,88.0,151.0,4.97,53.492,4.67,19.85
2007-12-10,614320,2,19.85,4.67,116.4,5564,88.0,154.1,11.9,75.502,4.8,21.84
2007-12-17,614320,3,21.84,4.8,128.1,6286,88.0,147.4,11.84,81.376,5.31,18.95
2007-12-24,614320,2,18.95,5.31,14.7,6033,88.0,147.0,13.95,77.649,5.2,70.74
2007-12-31,614320,5,70.74,5.2,66.7,22051,88.0,148.7,15.95,288.176,4.94,110.55
2008-01-07,614320,8,110.55,4.94,117.7,32765,88.0,142.8,24.87,368.033,4.5,116.16
2008-01-14,614320,13,116.16,4.5,226.2,31370,88.0,146.1,28.91,396.716,4.48,64.8
2008-01-21,614320,11,64.8,4.48,70.8,17429,88.0,139.8,17.05,209.661,4.46,71.59
2008-01-28,614320,5,71.59,4.46,59.8,19170,88.0,139.7,21.86,232.632,4.4,66.68
2008-02-04,614320,6,66.68,4.4,99.6,17616,88.0,132.9,23.88,206.212,3.93,93.19
2008-02-11,614320,11,93.19,3.93,1005.4,21971,88.0,144.9,28.51,262.461,4.72,10.94
2008-02-25,614320,1,10.94,4.72,10.1,3101,88.0,145.1,10.94,39.47,4.34,31.56
2008-03-03,614320,3,31.56,4.34,13.2,8223,88.0,144.5,11.9,104.614,4.22,90.74
2008-03-10,614320,6,90.74,4.22,171.1,22964,88.0,141.0,21.82,284.16,4.76,120.48
2008-03-17,614320,7,120.48,4.76,129.8,34393,88.0,135.0,34.92,400.556,3.93,61.84
2008-03-24,614320,4,61.84,3.93,104.5,14569,88.0,141.2,21.02,181.078,4.26,51.78
2008-03-31,614320,4,51.78,4.26,78.0,13240,88.0,140.3,21.03,163.606,4.16,77.86
2008-04-07,614320,4,77.86,4.16,268.6,19452,88.0,141.1,42.04,241.526,4.04,38.21
2008-04-14,614320,6,38.21,4.04,63.7,9268,88.0,139.6,13.88,116.48,4.79,106.56
2008-04-21,614320,6,106.56,4.79,119.2,30612,88.0,139.0,31.87,374.377,4.54,67.41
2008-04-28,614320,6,67.41,4.54,183.4,18351,88.0,146.2,20.96,104.772,4.51,129.22
2008-05-05,614320,6,129.22,4.51,166.3,34984,88.0,135.2,32.98,410.384,4.35,49.7
2008-05-12,614320,4,49.7,4.35,24.3,12986,88.0,139.0,13.93,157.595,4.67,138.58
2008-05-19,614320,6,138.58,4.67,179.4,38817,88.0,135.2,33.99,459.655,4.1,62.74
2008-05-26,614320,6,62.74,4.1,199.8,15421,88.0,135.6,14.81,186.053,4.67,136.17
2008-06-02,614320,6,136.17,4.67,231.8,38155,88.0,139.9,26.65,471.321,4.19,23.74
2008-06-09,614320,2,23.74,4.19,139.2,5966,88.0,142.6,11.87,74.627,4.3,45.62
2008-06-16,614320,3,45.62,4.3,44.7,11761,88.0,144.3,19.9,148.761,4.11,53.2
2008-06-23,614320,4,53.2,4.11,126.6,13130,88.0,145.1,21.86,163.188,3.71,13.07
2008-06-30,614320,2,13.07,3.71,23.5,2911,88.0,139.5,9.32,34.902,3.45,33.2
2008-07-14,614320,3,33.2,3.45,70.3,6881,88.0,154.0,12.38,92.628,3.48,37.86
2008-07-21,614320,3,37.86,3.48,187.5,7906,88.0,148.1,17.17,102.749,3.48,32.22
2008-07-28,614320,3,32.22,3.48,121.3,6718,88.0,146.3,11.23,86.087,4.17,12.3
2008-08-04,614320,1,12.3,4.17,72.1,3076,88.0,145.1,12.3,39.152,4.17,14.11
2008-08-11,614320,1,14.11,4.17,22.6,3527,88.0,151.7,14.11,46.934,3.28,16.6
2008-08-18,614320,2,16.6,3.28,45.1,3268,88.0,151.6,11.01,43.001,3.56,48.45
2008-09-01,614320,5,48.45,3.56,141.8,10354,88.0,146.5,14.11,132.315,3.7,78.79
2008-09-08,614320,6,78.79,3.7,223.0,17513,88.0,140.2,18.81,215.338,2.59,6.86
2008-09-15,614320,1,6.86,2.59,11.5,1064,88.0,145.5,6.86,13.58,4.24,12.28
2008-09-29,614320,1,12.28,4.24,72.0,3122,88.0,154.8,12.28,42.393,4.07,5.18
2008-10-20,614320,1,5.18,4.07,30.4,1266,88.0,156.6,5.18,17.391,4.13,47.52
2008-10-27,614320,5,47.52,4.13,77.5,11776,88.0,152.4,14.13,154.685,3.5,58.86
2008-11-03,614320,5,58.86,3.5,148.5,12345,88.0,146.1,16.93,157.627,3.78,71.97
2008-11-10,614320,6,71.97,3.78,133.6,16316,88.0,140.4,17.23,199.722,3.8,75.57
2008-11-17,614320,6,75.57,3.8,259.5,17228,88.0,133.8,15.69,201.48,3.56,10.98
2008-11-24,614320,1,10.98,3.56,29.5,2346,88.0,140.5,10.98,28.913,3.69,43.77
2008-12-01,614320,4,43.77,3.69,137.6,9683,88.0,142.9,14.08,121.437,3.64,46.31
2008-12-08,614320,5,46.31,3.64,181.6,10102,88.0,133.8,12.26,121.185,2.73,11.81
2008-12-15,614320,1,11.81,2.73,46.9,1935,88.0,142.9,11.81,24.255,4.35,8.48
2008-12-29,614320,1,8.48,4.35,49.7,2214,88.0,153.9,8.48,29.889,4.53,82.87
2009-01-05,614320,6,82.87,4.53,63.0,22542,88.0,146.8,16.95,238.101,4.33,69.35
2009-01-12,614320,5,69.35,4.33,34.4,18018,88.0,142.7,18.11,225.752,3.8,24.14
2009-01-19,614320,2,24.14,3.8,27.1,5508,88.0,141.4,12.36,68.532,4.53,95.92
2009-01-26,614320,6,95.92,4.53,150.4,26055,88.0,140.6,21.74,319.602,4.14,38.76
2009-02-02,614320,3,38.76,4.14,61.3,9626,88.0,138.2,15.59,116.841,3.52,50.96
2009-02-09,614320,4,50.96,3.52,135.0,10749,88.0,145.1,16.79,136.203,4.31,57.46
2009-02-16,614320,4,57.46,4.31,127.0,14864,88.0,137.9,21.7,178.485,3.68,30.62
2009-02-23,614320,3,30.62,3.68,67.9,6765,88.0,150.9,11.99,91.408,3.33,97.07
2009-03-02,614320,7,97.07,3.33,354.5,19385,88.0,137.8,21.0,232.864,3.66,11.46
2009-03-09,614320,1,11.46,3.66,40.6,2517,88.0,136.4,11.46,30.116,3.36,34.72
2009-03-16,614320,3,34.72,3.36,71.4,7002,88.0,141.2,12.5,86.725,3.99,52.24
2009-03-23,614320,4,52.24,3.99,82.9,12501,88.0,143.2,17.29,155.505,3.76,26.65
2009-03-30,614320,2,26.65,3.76,85.8,6010,88.0,140.2,15.59,73.957,3.89,25.07
2009-04-06,614320,2,25.07,3.89,67.0,5854,88.0,145.1,14.12,73.481,4.04,66.0
2009-04-13,614320,5,66.0,4.04,103.3,15990,88.0,137.4,16.96,192.416,3.61,52.89
2009-04-20,614320,4,52.89,3.61,156.9,11443,88.0,142.8,14.69,142.968,3.86,101.17
2009-04-27,614320,6,101.17,3.86,252.6,23408,88.0,138.6,28.64,280.854,3.41,56.85
2009-05-04,614320,12,56.85,3.41,138.1,11621,88.0,140.6,14.96,138.176,4.06,95.48
2009-05-11,614320,6,95.48,4.06,264.1,23265,88.0,133.0,34.26,267.347,3.95,60.63
2009-05-18,614320,5,60.63,3.95,134.6,14388,88.0,135.0,14.62,169.849,3.66,49.38
2009-05-25,614320,3,49.38,3.66,181.6,10857,88.0,133.0,26.27,128.216,3.62,46.35
2009-06-08,614320,4,46.35,3.62,97.8,10072,88.0,145.1,14.08,127.41,4.32,51.1
2009-06-22,614320,5,51.1,4.32,22.5,13256,88.0,140.1,12.35,163.004,4.24,51.17
2009-06-29,614320,4,51.17,4.24,22.6,13006,88.0,138.4,14.13,158.034,3.83,45.54
2009-07-06,614320,3,45.54,3.83,176.4,10461,88.0,140.0,22.58,128.035,4.37,87.75
2009-07-20,614320,5,87.75,4.37,207.9,23013,88.0,142.0,34.08,283.493,3.63,21.98
2009-07-27,614320,2,21.98,3.63,99.7,4783,88.0,139.0,11.25,58.323,3.0,20.79
2009-08-03,614320,2,20.79,3.0,76.7,3740,88.0,146.5,10.87,47.728,2.71,9.04
2009-08-10,614320,1,9.04,2.71,54.2,1470,88.0,142.2,9.04,18.336,3.71,24.11
2009-08-24,614320,2,24.11,3.71,42.7,5361,88.0,148.5,12.34,69.965,3.49,26.83
2009-08-31,614320,3,26.83,3.49,71.2,5619,88.0,141.5,11.29,70.234,4.46,58.94
2009-09-14,614320,5,58.94,4.46,14.5,15762,88.0,144.9,12.32,199.771,3.8,44.31
2009-09-21,614320,4,44.31,3.8,138.3,10100,88.0,140.9,14.18,123.848,3.8,35.47
2009-10-05,614320,3,35.47,3.8,88.0,8091,88.0,150.4,12.24,106.881,3.48,54.7
2009-10-12,614320,5,54.7,3.48,165.9,11414,88.0,141.5,16.38,139.845,3.91,72.25
2009-10-19,614320,6,72.25,3.91,78.8,16960,88.0,140.6,18.12,208.194,3.52,69.38
2009-10-26,614320,5,69.38,3.52,432.7,14634,88.0,135.9,23.26,172.858,3.38,56.6
2009-11-02,614320,5,56.6,3.38,245.5,11477,88.0,136.2,12.97,137.711,4.7,50.74
2009-11-09,614320,5,50.74,4.7,113.8,14299,88.0,136.8,12.11,171.649,4.65,47.23
2009-11-16,614320,4,47.23,4.65,51.7,13168,88.0,136.8,14.19,158.072,4.67,37.47
2009-11-23,614320,4,37.47,4.67,76.1,10507,88.0,136.8,11.64,126.129,4.84,23.85
2009-11-30,614320,2,23.85,4.84,58.6,6933,88.0,136.8,12.2,83.225,4.79,11.98
2009-12-07,614320,1,11.98,4.79,26.5,3443,88.0,136.8,11.98,41.331,4.47,20.29
2009-12-14,614320,2,20.29,4.47,54.2,5442,88.0,136.8,10.14,65.327,4.12,5.22
2010-01-11,614320,1,5.22,4.12,30.6,1289,88.0,148.3,5.22,16.768,4.22,68.62
2010-01-18,614320,6,68.62,4.22,24.8,17362,88.0,153.0,14.12,232.119,3.87,57.47
2010-01-25,614320,5,57.47,3.87,192.8,13346,88.0,143.2,14.08,168.004,4.26,33.32
2010-02-01,614320,3,33.32,4.26,41.7,8512,88.0,142.9,12.88,107.766,3.85,75.36
2010-02-08,614320,6,75.36,3.85,136.0,17396,88.0,136.1,18.32,207.224,3.69,77.16
2010-02-15,614320,7,77.16,3.69,200.3,17087,88.0,137.4,12.4,203.939,3.93,44.94
2010-02-22,614320,4,44.94,3.93,66.8,10596,88.0,132.5,12.3,121.574,4.5,53.09
2010-03-01,614320,4,53.09,4.5,36.8,14326,88.0,138.3,16.31,174.214,4.28,55.26
2010-03-08,614320,4,55.26,4.28,44.0,14186,88.0,147.0,16.48,184.765,4.18,24.37
2010-03-15,614320,2,24.37,4.18,142.9,6116,88.0,144.8,12.23,77.456,4.1,12.32
2010-03-22,614320,1,12.32,4.1,72.2,3029,88.0,146.2,12.32,38.846,4.26,57.41
2010-03-29,614320,4,57.41,4.26,21.0,14661,88.0,141.4,20.57,183.04,4.1,14.19
2010-04-05,614320,1,14.19,4.1,22.4,3486,88.0,145.6,14.19,44.523,4.09,12.27
2010-04-12,614320,1,12.27,4.09,71.9,3007,88.0,152.9,12.27,40.331,3.7,34.36
2010-04-19,614320,3,34.36,3.7,72.8,7635,88.0,147.8,12.21,98.58,3.9,77.66
2010-04-26,614320,12,77.66,3.9,131.4,18180,88.0,146.7,21.2,222.395,4.54,75.34
2010-05-03,614320,5,75.34,4.54,452.4,20521,88.0,137.4,24.49,245.874,4.65,69.42
2010-05-10,614320,4,69.42,4.65,209.8,19349,88.0,136.8,28.51,231.089,4.65,80.19
2010-05-17,614320,5,80.19,4.65,326.1,22389,88.0,134.6,24.07,264.115,4.56,63.59
2010-05-24,614320,4,63.59,4.56,322.6,17392,88.0,137.1,21.39,211.116,4.78,60.9
2010-05-31,614320,4,60.9,4.78,439.6,17470,88.0,130.0,21.99,199.12,4.64,39.07
2010-06-14,614320,3,39.07,4.64,130.8,10874,88.0,145.7,14.15,138.801,4.72,80.07
2010-06-21,614320,5,80.07,4.72,151.9,22687,88.0,140.8,19.21,279.171,4.75,53.48
2010-06-28,614320,4,53.48,4.75,11.7,15254,88.0,138.3,16.49,184.771,4.73,95.91
2010-07-05,614320,5,95.91,4.73,360.4,27231,88.0,132.1,27.44,316.159,4.78,114.17
2010-07-12,614320,7,114.17,4.78,103.4,32747,88.0,135.0,32.41,380.81,4.71,76.48
2010-07-19,614320,4,76.48,4.71,240.7,21599,88.0,132.0,31.96,251.43,4.79,92.4
2010-07-26,614320,5,92.4,4.79,691.8,26579,88.0,133.1,32.51,308.29,4.56,58.72
2010-08-02,614320,4,58.72,4.56,182.6,16051,88.0,135.5,21.11,189.53,4.76,104.65
2010-08-09,614320,6,104.65,4.76,606.4,29875,88.0,130.7,30.92,342.47,4.51,34.09
2010-08-16,614320,1,34.09,4.51,123.0,9226,88.0,148.7,34.09,120.343,4.64,69.56
2010-08-23,614320,4,69.56,4.64,315.1,19370,88.0,133.0,31.73,225.052,4.46,43.06
2010-08-30,614320,3,43.06,4.46,118.6,11515,88.0,143.1,16.25,144.195,4.59,39.84
2010-09-06,614320,3,39.84,4.59,315.4,10970,88.0,133.7,14.69,128.768,4.36,11.12
2010-09-13,614320,1,11.12,4.36,65.2,2908,88.0,143.2,11.12,36.529,4.71,113.62
2010-09-20,614320,5,113.62,4.71,675.4,32080,88.0,139.4,34.7,391.021,4.53,70.99
2010-09-27,614320,5,70.99,4.53,310.5,19309,88.0,140.5,21.11,238.198,4.59,67.23
2010-10-04,614320,3,67.23,4.59,555.4,18503,88.0,128.8,42.38,80.522,4.64,63.64
2010-10-11,614320,5,63.64,4.64,23.7,17706,88.0,137.9,14.27,214.039,4.61,66.28
2010-10-18,614320,4,66.28,4.61,73.7,18338,88.0,138.1,21.04,223.274,4.35,12.73
2010-10-25,614320,1,12.73,4.35,95.6,3323,88.0,144.7,12.73,42.179,4.59,25.05
2010-11-01,614320,2,25.05,4.59,186.8,6893,88.0,140.6,12.55,85.042,4.81,65.16
2010-11-08,614320,5,65.16,4.81,492.7,18787,88.0,139.0,16.52,228.905,4.77,73.78
2010-11-15,614320,5,73.78,4.77,145.8,21126,88.0,134.6,18.3,250.539,4.73,37.28
2010-11-22,614320,3,37.28,4.73,81.3,10581,88.0,136.1,12.54,126.194,4.72,77.54
2010-11-29,614320,6,77.54,4.72,430.5,21965,88.0,138.8,14.22,267.077,4.82,101.4
2010-12-06,614320,7,101.4,4.82,534.2,29352,88.0,130.5,18.24,336.534,4.84,108.75
2010-12-13,614320,7,108.75,4.84,399.2,31606,88.0,128.4,24.89,355.951,4.82,102.48
2010-12-20,614320,6,102.48,4.82,561.6,29625,88.0,126.1,23.3,328.397,4.72,86.12
2010-12-27,614320,5,86.12,4.72,568.1,24414,88.0,130.9,24.5,279.43,4.82,114.02
2011-01-03,614320,7,114.02,4.82,119.9,32987,88.0,137.9,21.37,395.961,4.83,43.94
2011-01-10,614320,3,43.94,4.83,52.2,12727,88.0,136.8,16.41,152.524,4.6,99.9
2011-01-17,614320,6,99.9,4.6,122.6,27565,88.0,139.9,26.32,338.328,4.85,86.82
2011-01-24,614320,6,86.82,4.85,104.3,25276,88.0,134.6,18.28,298.74,4.73,107.05
2011-01-31,614320,6,107.05,4.73,520.4,30370,88.0,130.7,26.22,346.592,4.77,66.74
2011-02-07,614320,5,66.74,4.77,462.0,19113,88.0,134.9,15.37,225.448,4.37,72.65
2011-02-14,614320,5,72.65,4.37,250.1,19065,88.0,146.4,18.28,243.415,4.65,96.66
2011-02-21,614320,6,96.66,4.65,437.6,26949,88.0,144.1,24.75,343.743,4.76,100.22
2011-02-28,614320,6,100.22,4.76,442.8,28595,88.0,143.9,25.12,362.653,4.88,71.44
2011-03-07,614320,5,71.44,4.88,551.1,20907,88.0,186.2,18.28,268.125,4.78,69.92
2011-03-14,614320,4,69.92,4.78,312.4,20063,88.0,136.8,21.02,240.841,4.53,25.22
2011-03-21,614320,2,25.22,4.53,95.8,6858,88.0,136.8,12.63,82.325,4.38,58.66
2011-03-28,614320,4,58.66,4.38,489.7,15434,88.0,136.8,20.9,124.841,4.71,83.27
2011-04-04,614320,5,83.27,4.71,316.7,23536,88.0,133.6,25.08,277.4,4.66,102.3
2011-04-11,614320,6,102.3,4.66,443.4,28575,88.0,177.4,31.81,448.369,4.65,27.21
2011-04-18,614320,2,27.21,4.65,81.6,7597,88.0,131.0,14.64,87.232,4.78,35.26
2011-04-25,614320,3,35.26,4.78,235.7,10110,88.0,151.6,15.25,132.687,4.59,105.66
2011-05-02,614320,7,105.66,4.59,418.6,29067,88.0,159.2,21.0,252.809,4.6,64.13
2011-05-09,614320,4,64.13,4.6,222.2,17711,88.0,136.8,26.59,212.607,4.65,88.36
2011-05-16,614320,5,88.36,4.65,330.5,24626,88.0,177.9,30.36,134.221,4.55,103.11
2011-05-23,614320,6,103.11,4.55,439.2,28137,88.0,136.8,30.43,337.763,4.66,103.25
2011-05-30,614320,6,103.25,4.66,494.5,28855,88.0,136.8,30.42,346.382,4.84,18.4
2011-06-06,614320,1,18.4,4.84,139.3,5344,88.0,136.8,18.4,64.151,4.53,41.19
2011-06-13,614320,3,41.19,4.53,177.1,11189,88.0,136.8,16.33,134.315,4.47,37.4
2011-06-20,614320,3,37.4,4.47,158.7,10032,88.0,136.8,12.52,120.427,4.67,109.95
2011-06-27,614320,6,109.95,4.67,157.6,30782,88.0,136.8,23.95,369.515,4.59,84.86
2011-07-04,614320,6,84.86,4.59,48.2,23347,88.0,136.8,21.38,280.263,4.57,74.39
2011-07-11,614320,4,74.39,4.57,354.8,20419,88.0,136.8,30.56,245.115,4.52,24.89
2011-07-18,614320,2,24.89,4.52,85.6,6743,88.0,136.8,12.55,80.945,4.39,81.24
2011-07-25,614320,5,81.24,4.39,640.4,21386,88.0,136.8,29.97,256.723,4.49,46.88
2011-08-01,614320,4,46.88,4.49,244.5,12642,88.0,136.8,12.36,151.758,4.55,57.99
2011-08-15,614320,3,57.99,4.55,191.1,15836,88.0,136.8,33.92,190.099,4.87,35.84
2011-08-22,614320,3,35.84,4.87,31.9,10465,88.0,136.8,18.25,125.624,4.65,27.8
2011-09-26,614320,4,27.8,4.65,139.0,7761,88.0,136.8,12.35,93.165,4.6,53.74
2011-10-03,614320,5,53.74,4.6,420.0,14820,88.0,136.8,12.2,177.903,4.69,80.88
2011-10-10,614320,5,80.88,4.69,325.1,22757,88.0,136.8,23.79,273.181,4.87,86.27
2011-10-17,614320,6,86.27,4.87,85.8,25219,88.0,136.8,16.35,302.735,4.93,24.47
2011-10-24,614320,2,24.47,4.93,143.5,7234,88.0,136.8,12.35,86.839,4.89,77.81
2011-10-31,614320,5,77.81,4.89,769.2,22832,88.0,136.8,23.06,274.081,4.87,74.1
2011-11-07,614320,6,74.1,4.87,610.4,21646,88.0,136.8,13.56,259.844,4.92,53.42
2011-11-14,614320,4,53.42,4.92,516.2,15779,88.0,136.8,14.54,189.415,5.0,62.96
2011-11-21,614320,4,62.96,5.0,491.5,18894,88.0,136.8,16.85,226.808,4.91,83.74
2011-11-28,614320,6,83.74,4.91,740.7,24669,88.0,136.8,20.62,296.133,4.96,95.38
2011-12-05,614320,6,95.38,4.96,710.4,28390,88.0,136.8,21.03,340.801,4.81,78.83
2011-12-12,614320,5,78.83,4.81,493.4,22745,88.0,136.8,20.8,273.037,4.88,43.81
2011-12-19,614320,4,43.81,4.88,458.1,12821,88.0,136.8,13.41,153.906,4.99,66.47
2011-12-26,614320,5,66.47,4.99,658.3,19902,88.0,136.8,16.48,238.908,5.11,24.42
2012-01-02,614320,2,24.42,5.11,259.1,7484,88.0,136.8,12.42,89.84,5.08,5.2
2012-01-09,614320,1,5.2,5.08,57.9,1586,88.0,136.8,5.2,19.039,4.95,41.95
2012-01-16,614320,4,41.95,4.95,410.2,12467,88.0,136.8,12.4,149.657,5.06,35.33
2012-01-23,614320,4,35.33,5.06,431.4,10727,88.0,136.8,12.4,128.77,5.18,71.14
2012-01-30,614320,5,71.14,5.18,576.5,22117,88.0,136.8,24.3,265.498,4.84,34.57
2012-02-06,614320,4,34.57,4.84,462.9,10033,88.0,136.8,12.39,120.439,4.46,12.1
2012-02-13,614320,1,12.1,4.46,93.2,3242,88.0,136.8,12.1,38.918,5.35,23.71
2012-02-20,614320,4,23.71,5.35,351.0,7615,88.0,136.8,11.38,91.412,5.12,36.69
2012-02-27,614320,3,36.69,5.12,425.9,11280,88.0,136.8,16.79,135.408,5.07,20.34
2012-03-05,614320,2,20.34,5.07,165.1,6187,88.0,136.8,15.31,74.27,5.26,7.09
2012-03-12,614320,1,7.09,5.26,31.3,2237,88.0,136.8,7.09,26.853,5.16,6.23
2012-04-09,614320,1,6.23,5.16,76.8,1928,88.0,136.8,6.23,23.144,22.59,2.75
2012-04-23,614320,1,2.75,22.59,16.1,3728,88.0,136.8,2.75,44.752,4.78,12.67
2012-05-14,614320,1,12.67,4.78,85.0,3631,88.0,140.9,12.67,44.878,4.97,31.53
2012-05-21,614320,4,31.53,4.97,349.0,9401,88.0,133.8,15.81,113.124,5.31,14.17
2012-05-28,614320,2,14.17,5.31,87.2,4515,88.0,126.1,13.34,49.661,6.57,7.3
2012-06-25,614320,1,7.3,6.57,49.6,2877,88.0,112.3,7.3,28.341,5.11,24.26
2012-07-02,614320,3,24.26,5.11,255.6,7439,88.0,130.0,8.54,84.727,5.1,22.3
2012-07-09,614320,3,22.3,5.1,184.8,6826,88.0,130.7,12.01,78.631,5.49,9.89
2012-07-16,614320,1,9.89,5.49,73.2,3257,88.0,120.9,9.89,34.541,5.32,1.2
2013-01-28,614320,1,1.2,5.32,2.2,384,88.0,149.1,1.2,5.022,5.11,3.3
2013-02-04,614320,2,3.3,5.11,3.0,1012,88.0,143.2,2.19,12.857,5.18,11.43
2013-02-11,614320,3,11.43,5.18,52.4,3550,88.0,146.4,4.61,45.325,5.16,25.94
2013-02-18,614320,5,25.94,5.16,124.6,8035,88.0,127.4,6.84,33.223,5.28,33.61
2013-02-25,614320,5,33.61,5.28,140.0,10646,88.0,136.8,9.01,127.797,5.36,35.71
2013-03-04,614320,5,35.71,5.36,77.0,11493,88.0,136.8,9.81,137.965,5.37,12.6
2013-03-11,614320,2,12.6,5.37,63.8,4057,88.0,136.8,6.59,48.701,5.58,1.2
2013-03-18,614320,1,1.2,5.58,2.2,402,88.0,136.8,1.2,4.826,5.64,0.88
2013-05-13,614320,1,0.88,5.64,8.4,299,88.0,136.8,0.88,3.589,5.52,5.53
2013-06-10,614320,3,5.53,5.52,27.4,1831,88.0,136.8,2.68,21.98,5.41,21.24
2013-06-17,614320,5,21.24,5.41,193.0,6899,88.0,136.8,6.55,82.817,5.22,6.84
2013-06-24,614320,2,6.84,5.22,28.0,2140,88.0,136.8,3.43,25.689,5.42,43.15
2013-07-01,614320,7,43.15,5.42,144.0,14024,88.0,136.8,7.8,168.348,5.28,38.94
2013-07-08,614320,6,38.94,5.28,168.0,12339,88.0,136.8,11.14,148.12,5.53,23.36
2013-07-15,614320,3,23.36,5.53,73.0,7746,88.0,136.8,12.82,92.985,5.33,46.26
2013-07-22,614320,6,46.26,5.33,402.0,14808,88.0,136.8,14.93,177.759,5.47,37.84
2013-07-29,614320,4,37.84,5.47,217.0,12421,88.0,136.8,14.86,149.105,5.37,38.65
2013-08-12,614320,5,38.65,5.37,300.0,12457,88.0,136.8,14.9,149.537,5.26,34.18
2013-08-19,614320,4,34.18,5.26,183.0,10797,88.0,136.8,16.51,129.61,5.4,61.26
2013-08-26,614320,7,61.26,5.4,167.9,19836,88.0,136.8,18.0,238.116,5.36,28.74
2013-09-02,614320,3,28.74,5.36,55.0,9246,88.0,136.8,12.64,110.991,5.22,82.8
2013-09-09,614320,8,82.8,5.22,343.0,25918,88.0,142.6,14.96,210.245,5.08,49.35
2013-09-16,614320,6,49.35,5.08,342.0,15037,88.0,135.7,14.93,178.48,5.07,52.96
2013-09-23,614320,5,52.96,5.07,221.0,16103,88.0,137.5,15.66,191.698,5.02,39.23
2013-09-30,614320,4,39.23,5.02,285.0,11821,88.0,135.3,15.01,116.974,4.73,33.79
2013-10-07,614320,5,33.79,4.73,190.0,9595,88.0,140.2,8.1,116.99,4.83,20.51
2013-10-14,614320,3,20.51,4.83,66.0,5940,88.0,136.4,8.49,71.25,4.92,23.45
2013-10-21,614320,3,23.45,4.92,62.0,6927,88.0,138.9,9.35,84.895,4.92,62.46
2013-10-28,614320,5,62.46,4.92,322.0,18426,88.0,140.7,15.04,228.462,4.97,59.84
2013-11-04,614320,6,59.84,4.97,387.0,17834,88.0,136.4,20.06,211.659,4.9,30.67
2013-11-18,614320,4,30.67,4.9,283.0,9009,88.0,143.7,11.66,112.327,4.81,17.23
2013-11-25,614320,2,17.23,4.81,174.0,4970,88.0,144.0,12.02,62.919,5.01,33.19
2013-12-02,614320,4,33.19,5.01,144.0,9976,88.0,143.5,11.62,125.927,4.72,5.28
2013-12-09,614320,1,5.28,4.72,2.0,1497,88.0,138.4,5.28,18.174,5.32,4.85
2013-12-23,614320,1,4.85,5.32,24.0,1546,88.0,145.3,4.85,19.705,5.04,51.61
2013-12-30,614320,6,51.61,5.04,359.0,15598,88.0,147.2,12.1,201.798,5.01,24.14
2014-01-06,614320,4,24.14,5.01,429.0,7251,88.0,146.1,8.51,92.965,5.21,48.87
2014-01-13,614320,5,48.87,5.21,193.0,15274,88.0,140.9,14.88,187.793,5.06,32.61
2014-01-20,614320,4,32.61,5.06,303.0,9894,88.0,139.1,14.85,121.442,5.5,83.02
2014-01-27,614320,8,83.02,5.5,479.0,27413,88.0,130.2,15.25,314.406,5.63,36.18
2014-02-03,614320,4,36.18,5.63,308.0,12217,88.0,125.9,12.13,134.631,6.09,16.88
2014-02-10,614320,2,16.88,6.09,309.0,6163,88.0,136.0,8.53,73.579,6.14,8.08
2014-02-24,614320,1,8.08,6.14,19.0,2974,88.0,135.3,8.08,35.297,5.19,5.56
2014-03-24,614320,4,5.56,5.19,15.0,1732,88.0,141.0,2.51,21.523,5.76,1.17
2014-10-13,614320,1,1.17,5.76,3.0,404,88.0,144.0,1.17,5.103,5.79,3.31
2014-10-20,614320,2,3.31,5.79,11.2,1150,88.0,135.4,1.9,13.67,5.71,3.57
2014-10-27,614320,2,3.57,5.71,31.2,1221,88.0,164.5,1.81,17.612,5.4,12.63
2014-11-03,614320,4,12.63,5.4,58.8,4095,88.0,145.2,4.01,52.141,5.47,9.03
2014-11-10,614320,2,9.03,5.47,53.8,2961,88.0,143.8,5.01,37.339,5.93,1.2
2014-12-01,7211094,2,11.42,5.14,37.6,3524,86.3,157.3,7.5,48.622,5.91,6.98
2014-12-15,614320,1,1.2,5.93,7.0,427,88.0,139.0,1.2,5.206,5.39,17.81
2014-12-22,614320,7,17.81,5.39,227.2,5765,88.0,144.7,4.01,73.883,5.44,25.11
2014-12-29,614320,6,25.11,5.44,343.0,8192,88.0,143.6,5.49,103.509,5.69,42.65
2015-01-05,614320,7,42.65,5.69,401.2,14571,88.0,137.6,8.59,175.89,5.56,39.35
2015-01-12,614320,5,39.35,5.56,480.0,13123,88.0,141.2,10.84,162.274,5.43,46.19
2015-01-19,614320,6,46.19,5.43,365.2,15055,88.0,139.2,11.07,183.152,5.4,33.74
2015-01-26,614320,5,33.74,5.4,323.4,10923,88.0,135.8,12.18,130.211,5.53,19.83
2015-02-02,614320,3,19.83,5.53,114.6,6580,88.0,135.1,9.26,78.544,5.3,35.69
2015-02-09,614320,5,35.69,5.3,380.0,11346,88.0,140.5,11.65,139.906,5.54,37.99
2015-02-16,614320,4,37.99,5.54,195.6,12630,88.0,133.8,14.24,150.117,5.78,24.16
2015-02-23,614320,4,24.16,5.78,326.4,8379,88.0,138.4,8.28,40.171,5.32,34.84
2015-03-02,7211094,2,6.98,5.91,71.4,2475,86.3,157.3,5.04,34.149,4.83,15.03
2015-03-02,614320,4,34.84,5.32,126.6,11129,88.0,136.5,12.26,133.387,5.52,47.37
2015-03-09,614320,5,47.37,5.52,113.2,15676,88.0,132.6,13.18,181.586,5.37,64.55
2015-03-16,614320,6,64.55,5.37,318.0,20801,88.0,135.6,16.7,247.709,5.03,56.27
2015-03-23,614320,5,56.27,5.03,389.6,16980,88.0,135.8,18.29,199.781,5.23,64.63
2015-03-30,614320,5,64.63,5.23,285.8,20273,88.0,133.2,19.09,235.766,5.36,16.94
2015-04-06,614320,2,16.94,5.36,54.0,5443,88.0,133.8,11.64,62.92,5.0,54.04
2015-04-13,614320,5,54.04,5.0,303.6,16209,88.0,133.1,21.05,193.716,5.11,34.63
2015-04-20,614320,3,34.63,5.11,111.6,10617,88.0,132.6,12.17,123.297,5.18,59.16
2015-04-27,614320,6,59.16,5.18,570.4,18371,88.0,133.0,13.0,213.356,5.25,64.11
2015-05-04,614320,5,64.11,5.25,601.6,20186,88.0,130.7,20.47,232.82,5.02,14.66
2015-05-11,614320,2,14.66,5.02,45.2,4417,88.0,129.4,7.33,49.844,5.81,50.82
2015-05-18,614320,4,50.82,5.81,713.8,17712,177.1,132.2,20.01,203.293,7.27,64.54
2015-05-25,614320,5,64.54,7.27,1704.0,28142,167.2,126.8,30.11,315.447,5.33,24.41
2015-06-01,614320,2,24.41,5.33,86.0,7805,176.7,133.2,15.6,91.607,4.92,72.59
2015-06-08,614320,8,72.59,4.92,218.0,21441,179.0,135.8,12.71,255.581,5.28,80.04
2015-06-15,614320,8,80.04,5.28,255.0,25361,178.7,126.9,15.59,281.064,5.17,72.7
2015-06-22,614320,5,72.7,5.17,214.0,22555,178.7,127.1,21.01,249.827,5.1,92.75
2015-06-29,614320,9,92.75,5.1,307.0,28401,180.6,129.6,21.7,313.894,5.36,41.67
2015-07-06,614320,4,41.67,5.36,123.0,13408,179.3,124.9,13.45,128.426,5.83,87.66
2015-07-13,614320,7,87.66,5.83,613.0,30661,177.6,120.8,20.52,325.474,5.26,69.98
2015-07-20,614320,6,69.98,5.26,206.0,22076,181.0,130.4,16.24,249.284,5.21,112.56
2015-07-27,614320,10,112.56,5.21,369.0,35179,181.2,127.1,14.36,387.809,5.27,78.2
2015-08-03,614320,6,78.2,5.27,270.0,24713,179.6,125.5,18.01,269.813,4.83,56.67
2015-08-10,614320,6,56.67,4.83,227.0,16434,182.2,130.8,13.63,184.552,5.59,16.09
2015-08-17,614320,3,16.09,5.59,47.0,5399,177.0,117.6,8.01,56.173,5.12,81.42
2015-08-24,614320,8,81.42,5.12,236.0,25012,182.1,125.8,14.0,273.099,5.57,56.63
2015-08-31,7211094,2,15.03,4.83,53.3,4361,86.3,157.3,7.54,60.17,4.94,26.17
2015-08-31,614320,5,56.63,5.57,692.0,18925,182.4,122.2,13.01,202.805,5.89,38.41
2015-09-07,7211094,4,26.17,4.94,97.0,7762,86.3,157.3,11.81,107.095,4.78,22.52
2015-09-07,614320,3,38.41,5.89,740.0,13582,179.7,119.2,13.2,141.799,4.88,41.13
2015-09-14,7211094,3,22.52,4.78,84.6,6456,86.3,157.3,8.05,89.076,4.64,7.62
2015-09-14,614320,4,41.13,4.88,104.0,12040,181.5,134.0,12.74,141.274,4.96,65.68
2015-09-21,7211094,1,7.62,4.64,28.0,2125,86.3,157.3,7.62,29.319,4.57,5.53
2015-09-21,614320,5,65.68,4.96,203.0,19542,181.9,129.5,16.01,221.993,4.76,25.05
2015-09-28,7211094,1,5.53,4.57,20.8,1518,86.3,157.3,5.53,20.944,4.52,4.13
2015-09-28,614320,3,25.05,4.76,76.0,7151,181.8,133.8,11.19,83.919,4.94,64.06
2015-09-28,23177662,1,21.1,8.53,133.7,10800,80.5,145.8,21.1,138.103,6.57,14.0
2015-10-05,7211094,1,4.13,4.52,20.8,1121,86.3,157.3,4.13,15.467,4.7,17.6
2015-10-05,614320,7,64.06,4.94,248.0,18974,181.5,133.2,14.53,220.329,5.28,48.74
2015-10-05,23177662,1,14.0,6.57,88.7,5520,80.5,145.8,14.0,70.586,7.4,20.0
2015-10-12,614320,4,48.74,5.28,146.0,15442,181.8,125.5,13.7,169.899,5.12,51.62
2015-10-19,7211094,3,17.6,4.7,73.0,4968,86.3,157.3,10.51,68.545,4.62,17.33
2015-10-19,614320,4,51.62,5.12,180.0,15859,183.1,128.9,16.6,179.819,5.12,73.84
2015-10-26,614320,6,73.84,5.12,319.0,22677,181.7,128.1,13.1,254.4,5.04,43.7
2015-10-26,23177662,1,20.0,7.4,126.8,8880,80.5,145.8,20.0,113.551,6.47,17.0
2015-11-02,7211094,2,17.33,4.62,10.3,4804,86.3,157.3,9.98,66.283,4.45,10.91
2015-11-02,614320,5,43.7,5.04,146.0,13208,183.6,129.8,13.01,144.765,4.84,13.01
2015-11-02,23177662,1,17.0,6.47,107.8,6600,80.5,145.8,17.0,84.396,6.91,18.8
2015-11-09,614320,2,13.01,4.84,30.0,3780,181.7,136.9,8.0,45.685,4.84,24.46
2015-11-16,614320,4,24.46,4.84,75.0,7109,182.4,135.0,8.41,84.108,4.54,21.88
2015-11-23,7211094,2,10.91,4.45,39.8,2911,86.3,157.3,7.57,40.164,4.62,21.88
2015-11-23,614320,3,21.88,4.54,104.0,5957,183.7,138.8,8.74,72.495,4.66,13.33
2015-11-23,23177662,1,18.8,6.91,119.2,7800,80.5,145.8,18.8,99.741,6.18,17.0
2015-11-30,7211094,4,21.88,4.62,69.1,6067,86.3,157.3,6.02,83.709,4.59,42.23
2015-11-30,23177662,1,17.0,6.18,107.8,6300,80.5,145.8,17.0,80.56,6.18,22.5
2015-12-07,7211094,6,42.23,4.59,146.7,11627,86.3,157.3,10.46,160.422,4.54,29.6
2015-12-07,614320,3,13.33,4.66,66.0,3732,182.7,136.0,5.02,44.601,4.88,9.35
2015-12-14,7211094,5,29.6,4.54,123.3,8072,86.3,157.3,7.54,111.373,4.39,29.98
2015-12-14,614320,2,9.35,4.88,56.0,2735,180.9,135.8,5.3,32.586,4.95,13.48
2015-12-14,23177662,1,22.5,6.18,142.6,8340,80.5,145.8,22.5,106.646,5.92,21.1
2015-12-21,7211094,5,29.98,4.39,98.4,7899,86.3,157.3,7.5,108.986,4.61,25.15
2015-12-21,23177662,1,21.1,5.92,133.7,7500,80.5,145.8,21.1,95.905,6.2,25.5
2015-12-28,7211094,3,25.15,4.61,87.9,6953,86.3,157.3,11.31,95.933,4.59,47.94
2015-12-28,614320,3,13.48,4.95,84.0,4000,179.6,138.8,5.37,48.629,5.09,8.01
2016-01-04,7211094,5,47.94,4.59,167.9,13214,86.3,157.3,12.57,182.319,4.44,5.09
2016-01-04,614320,2,8.01,5.09,20.0,2446,182.8,137.8,4.0,29.576,5.15,12.14
2016-01-04,23177662,1,25.5,6.2,161.6,9480,80.5,145.8,25.5,121.223,5.89,10.0
2016-01-11,614320,3,12.14,5.15,40.0,3756,183.3,131.7,4.13,43.247,4.7,17.55
2016-01-18,614320,4,17.55,4.7,34.0,4950,185.2,141.3,5.03,61.448,5.0,46.39
2016-01-25,7211094,1,5.09,4.44,34.9,1356,86.3,157.3,5.09,18.709,4.36,17.75
2016-01-25,614320,6,46.39,5.0,110.0,13914,184.5,136.4,9.6,166.259,4.93,37.56
2016-02-01,614320,5,37.56,4.93,98.0,11112,185.2,138.3,11.38,134.452,5.03,32.42
2016-02-08,7211094,4,17.75,4.36,38.0,4645,170.8,157.3,6.04,64.089,4.45,24.0
2016-02-08,614320,4,32.42,5.03,82.0,9779,184.5,132.0,11.39,113.379,4.93,32.24
2016-02-15,7211094,3,24.0,4.45,72.0,6410,173.8,157.3,10.23,88.441,4.43,20.78
2016-02-15,614320,4,32.24,4.93,98.0,9534,185.6,134.0,13.14,110.507,5.3,21.06
2016-02-22,7211094,3,20.78,4.43,66.2,5525,175.1,157.3,10.01,76.231,4.51,5.02
2016-02-22,614320,3,21.06,5.3,78.0,6693,182.9,125.8,7.03,73.781,5.14,5.31
2016-02-22,23177662,1,10.0,5.89,63.4,3531,80.5,145.8,10.0,45.152,4.81,5.0
2016-02-29,614320,1,5.31,5.14,28.0,1637,183.0,131.3,5.31,18.854,4.97,4.01
2016-03-07,7211094,1,5.02,4.51,10.2,1359,177.0,157.3,5.02,18.751,4.33,4.08
2016-03-14,614320,1,4.01,4.97,13.0,1196,182.6,138.9,4.01,14.572,4.75,13.12
2016-03-21,614320,3,13.12,4.75,37.0,3742,182.8,138.5,5.09,45.571,4.72,16.08
2016-03-28,614320,3,16.08,4.72,39.0,4551,184.1,141.7,7.01,56.452,4.74,21.05
2016-04-04,7211094,1,4.08,4.33,16.1,1059,173.8,157.3,4.08,14.611,4.62,22.2
2016-04-04,614320,3,21.05,4.74,33.0,5990,183.1,145.3,7.02,76.316,4.99,38.9
2016-04-11,13419295,1,8.91,10.92,45.9,5839,89.7,148.9,8.91,76.275,11.27,2.99
2016-04-11,614320,4,38.9,4.99,99.0,11653,181.5,136.9,13.14,139.757,4.9,25.1
2016-04-18,13419295,1,2.99,11.27,27.5,2019,89.7,148.9,2.99,26.374,7.71,17.44
2016-04-18,7211094,3,22.2,4.62,188.9,6159,172.9,157.3,9.59,84.978,5.92,15.13
2016-04-18,614320,3,25.1,4.9,85.0,7375,185.0,135.7,10.02,72.166,4.88,49.87
2016-04-25,7211094,2,15.13,5.92,18.8,5375,155.6,157.3,10.11,74.161,4.34,9.98
2016-04-25,614320,5,49.87,4.88,184.0,14614,182.9,138.0,14.7,175.349,4.98,42.19
2016-05-02,13419295,2,17.44,7.71,114.6,8069,89.7,148.9,10.07,105.405,5.56,6.33
2016-05-02,7211094,1,9.98,4.34,23.7,2599,174.0,157.3,9.98,35.859,5.35,20.76
2016-05-02,614320,4,42.19,4.98,184.0,12597,182.0,132.8,16.01,145.209,5.18,10.01
2016-05-09,614320,1,10.01,5.18,30.0,3110,178.8,128.0,10.01,34.919,4.96,12.03
2016-05-16,7211094,6,20.76,5.35,36.0,6665,127.2,157.3,11.34,91.96,5.81,14.63
2016-05-16,614320,2,12.03,4.96,57.0,3580,178.4,137.0,7.03,43.114,5.11,15.02
2016-05-23,13419295,1,6.33,5.56,45.5,2113,89.7,148.9,6.33,27.602,4.8,10.41
2016-05-23,7211094,2,14.63,5.81,45.2,5102,154.8,157.3,9.94,70.394,4.65,12.61
2016-05-30,7211094,2,12.61,4.65,52.4,3517,172.8,157.3,11.78,48.525,4.42,9.95
2016-06-06,13419295,2,10.41,4.8,88.5,2996,89.7,148.9,5.25,39.137,4.67,5.11
2016-06-06,7211094,1,9.95,4.42,23.9,2637,173.8,157.3,9.95,36.384,4.61,7.92
2016-06-13,13419295,1,5.11,4.67,43.8,1433,89.7,148.9,5.11,18.719,4.87,16.75
2016-06-13,7211094,2,7.92,4.61,21.5,2193,172.2,157.3,4.96,30.258,5.97,10.44
2016-06-13,614320,3,15.02,5.11,24.0,4610,180.3,140.3,7.01,56.508,4.88,25.03
2016-06-20,13419295,2,16.75,4.87,159.6,4896,89.7,148.9,10.23,63.957,5.58,10.29
2016-06-20,7211094,3,10.44,5.97,20.5,3743,171.1,157.3,7.76,51.644,4.5,2.92
2016-06-20,614320,4,25.03,4.88,29.0,7329,182.5,144.6,7.01,78.68,4.92,19.02
2016-06-27,13419295,1,10.29,5.58,183.6,3443,89.7,148.9,10.29,44.976,4.95,5.72
2016-06-27,614320,3,19.02,4.92,35.0,5612,181.3,139.9,8.01,68.795,5.09,29.11
2016-07-04,13419295,1,5.72,4.95,44.3,1700,89.7,148.9,5.72,22.207,5.08,6.11
2016-07-04,614320,4,29.11,5.09,81.0,8897,179.8,139.2,11.5,94.439,5.11,18.52
2016-07-11,7211094,1,2.92,4.5,11.5,788,174.2,157.3,2.92,10.872,4.95,2.59
2016-07-11,614320,2,18.52,5.11,44.0,5683,181.8,137.6,11.51,43.513,5.1,53.69
2016-07-18,13419295,1,6.11,5.08,43.9,1864,89.7,148.9,6.11,24.349,4.45,10.16
2016-07-18,614320,7,53.69,5.1,1054.0,16417,181.1,133.8,12.2,122.373,4.85,11.03
2016-07-25,13419295,2,10.16,4.45,44.0,2714,89.7,148.9,5.14,35.453,4.51,11.42
2016-07-25,614320,2,11.03,4.85,27.0,3209,180.5,136.8,7.02,38.522,4.87,54.78
2016-08-01,13419295,1,11.42,4.51,55.9,3091,89.7,148.9,11.42,40.378,4.33,5.12
2016-08-01,614320,6,54.78,4.87,164.0,16010,181.8,137.3,13.1,59.232,4.89,4.01
2016-08-08,13419295,1,5.12,4.33,45.7,1331,89.7,148.9,5.12,17.387,4.29,5.21
2016-08-08,614320,1,4.01,4.89,728.0,1176,181.4,136.8,4.01,14.117,4.94,4.0
2016-08-15,13419295,1,5.21,4.29,45.6,1339,89.7,148.9,5.21,17.491,4.08,5.13
2016-08-22,13419295,1,5.13,4.08,36.8,1254,89.7,148.9,5.13,16.381,4.96,5.43
2016-08-22,7211094,1,2.59,4.95,10.3,771,173.0,157.3,2.59,10.638,4.61,5.01
2016-08-22,614320,1,4.0,4.94,23.5,1187,179.6,136.8,4.0,14.249,4.91,11.51
2016-08-29,13419295,1,5.43,4.96,57.7,1615,89.7,148.9,5.43,21.097,5.7,22.7
2016-08-29,7211094,1,5.01,4.61,16.0,1385,171.0,157.3,5.01,19.109,4.84,7.24
2016-08-29,614320,2,11.51,4.91,181.0,3391,178.4,136.8,7.01,40.706,4.98,33.14
2016-09-05,13419295,1,22.7,5.7,730.3,7767,89.7,148.9,22.7,101.46,5.94,40.54
2016-09-05,614320,4,33.14,4.98,59.0,9911,178.0,136.8,11.5,118.974,5.12,58.26
2016-09-12,13419295,2,40.54,5.94,126.3,14455,89.7,148.9,35.48,188.826,4.2,5.19
2016-09-12,614320,6,58.26,5.12,164.0,17883,180.9,136.8,14.34,214.672,5.0,56.18
2016-09-19,13419295,1,5.19,4.2,37.3,1309,89.7,148.9,5.19,17.099,4.93,21.22
2016-09-19,614320,5,56.18,5.0,145.0,16863,180.8,136.8,15.26,202.428,5.21,68.36
2016-09-26,13419295,1,21.22,4.93,10.9,6272,89.7,148.9,21.22,81.931,4.81,10.18
2016-09-26,614320,6,68.36,5.21,417.0,21386,178.8,136.8,13.1,256.723,5.08,23.58
2016-10-03,614320,3,23.58,5.08,85.0,7184,180.5,136.8,11.5,86.238,4.95,69.61
2016-10-10,13419295,1,10.18,4.81,73.2,2941,89.7,148.9,10.18,38.418,4.61,10.03
2016-10-10,7211094,1,7.24,4.84,11.1,2101,168.8,157.3,7.24,28.988,13.9,1.63
2016-10-10,614320,6,69.61,4.95,562.0,20654,181.3,136.8,18.32,247.936,4.87,24.26
2016-10-17,614320,3,24.26,4.87,271.0,7097,178.1,136.8,13.25,85.194,5.12,39.7
2016-10-24,13419295,2,10.03,4.61,44.7,2773,89.7,148.9,5.05,36.224,5.05,25.49
2016-10-24,614320,4,39.7,5.12,234.0,12196,177.3,136.8,13.02,146.404,5.46,19.01
2016-10-31,13419295,5,25.49,5.05,86.2,7726,89.7,148.9,9.5,100.925,5.55,14.22
2016-10-31,17584626,1,0.0,14.81,0.0,4,87.7,89.0,0.0,0.031,3.64,0.18
2016-10-31,614320,2,19.01,5.46,67.0,6233,174.5,136.8,10.7,74.822,5.33,4.01
2016-11-07,13419295,1,14.22,5.55,15.1,4732,89.7,148.9,14.22,61.814,5.33,13.97
2016-11-07,17584626,1,0.18,3.64,0.7,40,87.7,104.3,0.18,0.366,7.33,6.22
2016-11-14,13419295,1,13.97,5.33,68.0,4467,89.7,148.9,13.97,58.352,5.14,10.19
2016-11-14,17584626,2,6.22,7.33,25.1,2736,87.7,130.0,5.03,5.462,0.2,0.24
2016-11-14,614320,1,4.01,5.33,13.0,1280,175.4,136.8,4.01,15.365,5.16,4.0
2016-11-21,13419295,2,10.19,5.14,27.9,3145,89.7,148.9,5.15,41.083,5.59,27.0
2016-11-21,614320,1,4.0,5.16,12.0,1239,175.0,136.8,4.0,14.873,5.45,22.42
2016-11-28,7211094,1,1.63,13.9,6.5,1363,86.3,157.3,1.63,18.806,5.19,4.98
2016-11-28,614320,4,22.42,5.45,93.0,7329,176.8,136.8,7.01,87.979,5.53,4.5
2016-12-05,13419295,3,27.0,5.59,168.4,9049,89.7,148.9,11.7,118.207,4.27,10.43
2016-12-05,614320,1,4.5,5.53,17.0,1491,175.0,136.8,4.5,17.898,5.51,19.21
2016-12-12,13419295,2,10.43,4.27,45.8,2671,89.7,148.9,5.22,34.891,4.71,5.06
2016-12-12,614320,3,19.21,5.51,134.0,6349,176.0,136.8,7.01,76.215,5.42,14.01
2016-12-19,13419295,1,5.06,4.71,36.3,1429,89.7,148.9,5.06,18.667,4.3,8.21
2016-12-19,614320,2,14.01,5.42,3516.0,4558,173.8,136.8,7.01,54.715,5.12,19.09
2016-12-26,13419295,2,8.21,4.3,33.1,2116,89.7,148.9,5.06,27.641,4.79,15.35
2016-12-26,614320,3,19.09,5.12,38.0,5867,178.2,136.8,7.03,70.429,6.5,6.31
2017-01-02,13419295,2,15.35,4.79,104.8,4410,89.7,148.9,10.27,57.608,6.76,8.26
2017-01-02,614320,2,6.31,6.5,23.0,2461,156.3,136.8,5.12,29.542,5.47,4.01
2017-01-09,13419295,2,8.26,6.76,48.6,3352,89.7,148.9,5.28,43.787,5.27,5.41
2017-01-16,13419295,1,5.41,5.27,47.6,1710,89.7,148.9,5.41,22.338,4.56,10.18
2017-01-23,13419295,2,10.18,4.56,61.0,2785,89.7,148.9,5.1,36.38,4.93,21.48
2017-01-23,17584626,1,0.24,0.2,1.0,3,87.7,136.0,0.24,0.036,5.14,4.97
2017-01-30,7211094,1,4.98,5.19,11.9,1551,170.0,157.3,4.98,21.4,4.14,4.93
2017-02-06,13419295,1,21.48,4.93,141.4,6349,89.7,148.9,21.48,82.937,5.25,10.04
2017-02-13,13419295,1,10.04,5.25,42.9,3161,89.7,148.9,10.04,41.292,4.0,5.21
2017-02-20,13419295,1,5.21,4.0,37.4,1251,89.7,148.9,5.21,16.342,4.6,13.62
2017-02-27,13419295,1,13.62,4.6,124.4,3758,89.7,148.9,13.62,49.091,4.2,8.53
2017-02-27,614320,1,4.01,5.47,15.0,1315,175.2,134.4,4.01,15.503,5.44,8.01
2017-03-06,614320,2,8.01,5.44,23.0,2616,174.5,133.2,4.01,30.557,5.3,8.02
2017-03-13,13419295,2,8.53,4.2,61.1,2147,89.7,148.9,4.49,28.046,3.79,8.32
2017-03-13,614320,2,8.02,5.3,22.0,2547,174.2,130.8,4.01,29.222,5.46,11.21
2017-03-20,13419295,2,8.32,3.79,59.8,1891,89.7,148.9,5.0,24.702,6.35,7.71
2017-03-20,614320,2,11.21,5.46,7.0,3672,174.6,136.8,6.2,44.08,4.61,5.04
2017-03-27,614320,1,5.04,4.61,17.0,1395,180.0,151.7,5.04,18.563,5.06,19.07
2017-04-03,13419295,2,7.71,6.35,59.5,2939,89.7,148.9,5.91,38.392,5.5,5.25
2017-04-03,614320,3,19.07,5.06,37.0,5788,176.0,138.7,7.02,69.586,4.93,30.46
2017-04-10,614320,4,30.46,4.93,64.0,9009,178.5,139.6,11.01,109.73,4.66,12.08
2017-04-17,13419295,1,5.25,5.5,37.7,1733,89.7,148.9,5.25,22.638,4.45,11.1
2017-04-17,614320,2,12.08,4.66,26.0,3379,179.6,139.4,7.01,40.961,5.13,21.04
2017-04-24,13419295,3,11.1,4.45,58.3,2964,184.1,156.3,5.03,22.961,4.67,17.14
2017-04-24,614320,3,21.04,5.13,25.0,6472,175.9,131.3,7.02,74.543,5.04,29.8
2017-05-01,13419295,5,17.14,4.67,24.0,4802,186.1,169.4,5.44,31.551,4.77,10.48
2017-05-01,614320,4,29.8,5.04,64.0,9018,178.4,133.2,10.41,103.852,4.84,23.53
2017-05-08,13419295,1,10.48,4.77,197.6,3000,89.7,148.9,10.48,39.189,4.14,9.07
2017-05-08,614320,3,23.53,4.84,63.0,6836,180.1,139.0,11.46,82.302,4.9,31.9
2017-05-15,13419295,2,9.07,4.14,12.1,2253,188.0,170.7,5.05,33.76,5.11,18.54
2017-05-15,614320,4,31.9,4.9,75.0,9388,179.5,133.6,12.54,108.565,4.84,20.91
2017-05-22,13419295,3,18.54,5.11,99.5,5681,178.3,158.5,12.36,56.041,5.78,18.61
2017-05-29,13419295,4,18.61,5.78,786.9,6453,190.0,148.9,10.21,84.296,4.79,6.85
2017-06-05,13419295,2,6.85,4.79,59.4,1971,187.8,168.9,4.83,7.482,5.25,33.69
2017-06-05,614320,3,20.91,4.84,22.0,6068,179.1,141.0,9.6,75.546,4.96,36.03
2017-06-12,13419295,3,33.69,5.25,332.9,10620,180.4,151.1,16.1,123.885,5.4,24.31
2017-06-12,614320,4,36.03,4.96,67.0,10728,178.3,140.6,12.38,131.859,4.66,12.08
2017-06-19,13419295,2,24.31,5.4,188.7,7878,185.0,164.2,20.08,84.664,6.81,3.01
2017-06-19,614320,2,12.08,4.66,25.0,3382,180.6,139.8,7.02,41.15,4.62,26.41
2017-06-19,23177662,1,5.0,4.81,31.7,1444,80.5,145.8,5.0,18.465,5.59,32.0
2017-06-26,13419295,1,3.01,6.81,40.1,1231,89.7,148.9,3.01,16.081,4.74,24.56
2017-06-26,614320,4,26.41,4.62,52.0,7320,181.2,138.8,7.31,88.962,4.76,28.7
2017-07-03,13419295,2,24.56,4.74,226.7,6982,182.9,164.1,14.53,100.281,5.79,27.23
2017-07-03,614320,4,28.7,4.76,62.0,8200,181.7,134.4,9.6,96.282,4.84,28.02
2017-07-10,614320,3,28.02,4.84,362.0,8131,180.5,138.0,11.49,97.545,4.88,36.06
2017-07-10,23177662,3,32.0,5.59,202.8,10740,80.5,145.8,11.0,137.335,5.39,22.0
2017-07-17,13419295,3,27.23,5.79,477.4,9467,174.3,159.7,19.03,88.984,4.85,12.77
2017-07-17,614320,4,36.06,4.88,20297.0,10567,180.4,136.0,12.52,124.851,4.95,18.5
2017-07-17,23177662,3,22.0,5.39,139.4,7120,80.5,145.8,11.0,91.045,5.48,25.5
2017-07-24,614320,2,18.5,4.95,47.0,5495,178.9,131.4,11.48,63.185,4.88,26.57
2017-07-24,23177662,3,25.5,5.48,161.6,8389,80.5,145.8,12.5,107.272,5.83,22.8
2017-07-31,614320,3,26.57,4.88,77.0,7777,179.3,133.7,12.53,92.098,5.06,26.19
2017-07-31,23177662,2,22.8,5.83,144.5,7980,80.5,145.8,19.8,102.042,5.83,27.0
2017-08-07,13419295,6,12.77,4.85,84.8,3715,186.7,177.3,3.14,32.364,7.06,3.16
2017-08-07,614320,3,26.19,5.06,29.0,7948,181.1,127.1,12.18,89.4,5.03,26.85
2017-08-07,23177662,2,27.0,5.83,171.1,9450,80.5,145.8,21.5,120.84,6.0,13.0
2017-08-14,13419295,1,3.16,7.06,47.9,1339,89.7,148.9,3.16,17.491,5.12,28.71
2017-08-14,7211094,1,4.93,4.14,58.2,1225,175.0,157.3,4.93,16.902,4.54,5.7
2017-08-14,614320,3,26.85,5.03,7244.0,8108,179.1,130.5,12.81,94.041,4.94,7.01
2017-08-14,23177662,1,13.0,6.0,82.4,4680,80.5,145.8,13.0,59.844,5.7,34.6
2017-08-21,13419295,3,28.71,5.12,233.0,8825,174.3,164.1,21.3,89.924,5.12,21.34
2017-08-21,614320,1,7.01,4.94,41.1,2077,180.2,134.5,7.01,24.505,4.81,7.04
2017-08-21,23177662,5,34.6,5.7,219.3,11840,80.5,145.8,11.0,151.401,5.39,18.7
2017-08-28,13419295,1,21.34,5.12,127.2,6554,176.4,163.7,21.34,94.113,5.26,12.36
2017-08-28,614320,1,7.04,4.81,1866.0,2034,177.8,137.3,7.04,24.497,3.95,31.62
2017-08-28,23177662,2,18.7,5.39,118.5,6046,80.5,145.8,11.1,77.312,6.72,33.08
2017-09-04,23177662,2,33.08,6.72,75.9,13342,80.5,145.8,25.5,170.608,7.4,5.0
2017-09-11,13419295,2,12.36,5.26,75.2,3904,164.4,173.4,10.02,44.628,4.66,5.53
2017-09-11,614320,3,31.62,3.95,98.0,7494,173.7,141.6,19.15,33.437,2.04,39.46
2017-09-11,23177662,1,5.0,7.4,31.7,2220,80.5,145.8,5.0,28.388,5.66,22.0
2017-09-18,614320,2,39.46,2.04,1.0,4827,173.5,135.4,29.91,57.693,4.88,12.06
2017-09-18,23177662,3,22.0,5.66,139.4,7472,80.5,145.8,12.0,95.547,6.15,37.6
2017-09-25,13419295,1,5.53,4.66,24.0,1548,182.0,148.9,5.53,20.222,4.95,29.51
2017-09-25,614320,2,12.06,4.88,60.0,3532,178.2,141.6,7.01,43.787,5.23,36.13
2017-09-25,23177662,2,37.6,6.15,203.7,13887,80.5,145.8,25.2,177.577,6.28,28.4
2017-10-02,13419295,3,29.51,4.95,135.6,8765,176.3,166.4,21.24,133.653,4.35,10.19
2017-10-02,614320,4,36.13,5.23,101.0,11328,175.2,134.7,12.2,134.413,4.94,29.94
2017-10-02,23177662,2,28.4,6.28,180.0,10704,80.5,145.8,21.1,136.875,5.36,17.9
2017-10-09,614320,4,29.94,4.94,81.0,8879,177.2,134.2,8.63,104.532,5.07,35.1
2017-10-16,614320,4,35.1,5.07,109.0,10674,177.0,132.6,13.42,123.372,4.97,57.79
2017-10-16,23177662,3,17.9,5.36,113.5,5755,80.5,145.8,7.7,73.591,5.54,22.2
2017-10-23,13419295,2,10.19,4.35,78.0,2658,182.6,170.3,5.16,19.629,5.77,17.29
2017-10-23,614320,6,57.79,4.97,239.0,17222,177.0,132.0,15.01,199.861,4.66,34.74
2017-10-23,23177662,4,22.2,5.54,140.7,7373,80.5,145.8,6.6,94.281,7.59,2.9
2017-10-30,13419295,2,17.29,5.77,747.8,5989,178.0,148.9,12.26,78.234,5.25,22.34
2017-10-30,614320,4,34.74,4.66,97.0,9713,179.1,136.6,12.21,115.14,5.03,33.78
2017-10-30,23177662,1,2.9,7.59,18.4,1320,80.5,145.8,2.9,16.879,5.64,34.01
2017-11-06,13419295,2,22.34,5.25,201.5,7037,177.6,149.6,15.01,91.198,5.21,26.94
2017-11-06,614320,4,33.78,5.03,175.0,10204,178.3,129.5,11.31,116.175,5.03,27.45
2017-11-06,23177662,2,34.01,5.64,55.8,11510,80.5,145.8,23.01,147.182,5.55,37.16
2017-11-13,13419295,3,26.94,5.21,212.7,8425,173.5,139.3,17.06,106.704,5.17,25.16
2017-11-13,614320,3,27.45,5.03,136.8,8285,177.1,129.8,10.42,94.693,5.24,50.26
2017-11-13,23177662,4,37.16,5.55,236.6,12372,80.5,145.8,21.17,158.204,4.78,7.75
2017-11-20,13419295,2,25.16,5.17,190.6,7806,182.6,150.4,18.04,101.495,5.31,23.7
2017-11-20,614320,5,50.26,5.24,237.0,15794,176.5,128.5,13.11,178.008,5.33,20.23
2017-11-20,23177662,2,7.75,4.78,49.1,2221,80.5,145.8,5.0,28.401,6.67,11.4
2017-11-27,13419295,3,23.7,5.31,170.1,7548,172.5,155.8,12.01,72.354,4.95,31.55
2017-11-27,614320,2,20.23,5.33,115.0,6472,174.6,128.8,13.21,73.555,4.99,28.37
2017-11-27,23177662,2,11.4,6.67,72.3,4560,80.5,145.8,9.2,58.31,6.2,15.36
2017-12-04,13419295,3,31.55,4.95,279.1,9372,180.1,146.0,21.21,101.616,5.68,20.17
2017-12-04,614320,4,28.37,4.99,89.0,8487,177.0,131.6,7.31,98.001,4.93,24.46
2017-12-04,23177662,3,15.36,6.2,22.4,5712,80.5,145.8,5.4,73.041,5.76,32.5
2017-12-11,13419295,3,20.17,5.68,126.4,6874,169.4,146.3,10.02,65.174,5.77,28.07
2017-12-11,614320,3,24.46,4.93,91.0,7238,176.1,132.6,10.41,84.541,5.06,30.65
2017-12-11,23177662,2,32.5,5.76,132.4,11240,80.5,145.8,21.2,143.729,6.12,36.7
2017-12-18,13419295,2,28.07,5.77,573.9,9713,180.1,151.3,15.03,128.978,5.03,16.08
2017-12-18,614320,4,30.65,5.06,102.0,9309,176.1,129.5,9.32,80.196,4.96,51.47
2017-12-18,23177662,3,36.7,6.12,186.2,13486,80.5,145.8,21.4,172.449,5.48,28.11
2017-12-25,13419295,2,16.08,5.03,143.7,4850,182.5,150.8,12.05,63.585,5.2,23.14
2017-12-25,614320,6,51.47,4.96,172.0,15309,177.4,129.8,11.31,173.817,4.8,53.19
2017-12-25,23177662,3,28.11,5.48,247.2,9235,80.5,145.8,10.21,118.091,5.38,10.1
2018-01-01,13419295,2,23.14,5.2,232.7,7221,179.4,141.8,18.01,93.558,4.95,25.15
2018-01-01,614320,6,53.19,4.8,252.6,15313,176.8,132.5,13.23,177.004,5.05,51.22
2018-01-01,23177662,1,10.1,5.38,77.9,3259,80.5,145.8,10.1,41.674,6.68,10.71
2018-01-08,13419295,2,25.15,4.95,254.2,7473,182.5,149.9,15.12,98.918,5.07,8.01
2018-01-08,614320,5,51.22,5.05,223.0,15532,176.2,136.8,15.51,186.45,4.97,24.34
2018-01-08,23177662,2,10.71,6.68,107.2,4291,80.5,145.8,8.2,54.87,7.58,40.44
2018-01-15,13419295,1,8.01,5.07,35.2,2439,181.2,148.9,8.01,31.861,5.0,12.57
2018-01-15,614320,3,24.34,4.97,106.0,7258,177.2,136.8,12.26,87.127,5.04,59.17
2018-01-15,23177662,8,40.44,7.58,477.4,18390,80.5,145.8,8.2,235.158,6.61,22.3
2018-01-22,13419295,2,12.57,5.0,107.6,3774,187.8,148.9,8.28,32.627,5.21,16.05
2018-01-22,614320,6,59.17,5.04,217.0,17902,177.5,136.8,13.21,214.9,5.15,24.42
2018-01-22,23177662,6,22.3,6.61,232.6,8836,80.5,145.8,6.11,112.988,5.87,40.34
2018-01-29,13419295,2,16.05,5.21,154.2,5017,180.7,151.8,10.03,66.292,4.81,20.88
2018-01-29,27736141,4,40.86,5.86,362.0,14378,83.5,148.6,20.13,187.44,5.64,25.3
2018-01-29,614320,3,24.42,5.15,60.0,7551,176.8,136.8,10.4,90.644,5.2,46.92
2018-01-29,23177662,6,40.34,5.87,262.1,14216,80.5,145.8,23.0,181.784,5.12,50.37
2018-02-05,13419295,2,20.88,4.81,152.3,6033,183.9,159.9,10.85,41.125,4.7,22.32
2018-02-05,27736141,3,25.3,5.64,300.7,8569,83.5,148.6,10.14,111.711,5.78,56.56
2018-02-05,614320,6,46.92,5.2,83.0,14646,179.6,136.8,10.43,175.814,5.23,63.62
2018-02-05,23177662,7,50.37,5.12,322.6,15466,80.5,145.8,10.11,197.768,5.74,32.7
2018-02-12,13419295,3,22.32,4.7,196.1,6300,184.9,154.8,11.77,85.294,5.6,26.8
2018-02-12,27736141,6,56.56,5.78,533.7,19607,83.5,148.6,20.03,255.608,5.48,28.53
2018-02-12,614320,6,63.62,5.23,182.0,19952,179.5,136.8,13.01,239.509,5.08,51.95
2018-02-12,23177662,5,32.7,5.74,253.2,11258,80.5,145.8,15.01,143.959,7.01,44.93
2018-02-19,13419295,2,26.8,5.6,96.8,9006,178.8,143.3,21.22,120.779,5.28,7.82
2018-02-19,27736141,3,28.53,5.48,518.9,9388,83.5,148.6,10.2,122.388,5.83,48.51
2018-02-19,614320,12,51.95,5.08,159.0,15833,173.9,136.8,12.2,190.063,5.03,33.4
2018-02-19,23177662,7,44.93,7.01,296.5,18897,80.5,145.8,21.11,241.641,5.94,34.2
2018-02-26,27736141,4,48.51,5.83,620.6,16955,83.5,148.6,20.18,221.035,5.61,28.89
2018-02-26,614320,8,33.4,5.03,111.0,10088,175.0,136.8,10.4,121.099,5.11,45.32
2018-02-26,23177662,8,34.2,5.94,259.0,12191,80.5,145.8,10.01,155.89,8.71,52.4
2018-03-05,13419295,2,7.82,5.28,56.2,2479,165.6,148.9,5.02,32.383,6.99,6.95
2018-03-05,27736141,6,28.89,5.61,363.7,9718,83.5,163.8,5.84,139.602,5.59,23.46
2018-03-05,614320,11,45.32,5.11,106.0,13898,174.7,136.8,10.4,166.835,4.93,19.68
2018-03-05,23177662,13,52.4,8.71,472.8,27395,80.5,145.8,10.33,350.307,6.43,34.34
2018-03-12,13419295,2,6.95,6.99,62.9,2916,161.2,144.5,4.42,10.838,4.2,5.02
2018-03-12,27736141,3,23.46,5.59,324.1,7865,83.5,160.9,10.15,108.911,5.86,26.67
2018-03-12,614320,4,19.68,4.93,68.0,5823,175.5,132.7,10.42,36.062,4.96,43.56
2018-03-12,23177662,8,34.34,6.43,401.6,13244,80.5,145.8,6.51,169.355,5.8,33.75
2018-03-19,13419295,1,5.02,4.2,13.0,1266,186.4,171.2,5.02,19.012,4.75,20.2
2018-03-19,27736141,7,26.67,5.86,315.2,9380,83.5,154.7,7.11,126.425,5.94,5.53
2018-03-19,614320,11,43.56,4.96,172.0,12963,174.0,130.4,10.4,150.206,5.14,14.02
2018-03-19,23177662,6,33.75,5.8,330.9,11737,80.5,145.8,10.01,150.084,6.57,59.22
2018-03-26,13419295,4,20.2,4.75,188.2,5763,175.8,165.0,6.01,64.61,4.28,16.9
2018-03-26,27736141,1,5.53,5.94,65.6,1972,83.5,158.6,5.53,27.435,5.87,33.6
2018-03-26,614320,2,14.02,5.14,43.0,4325,174.4,126.6,7.01,48.021,4.9,31.3
2018-03-26,23177662,11,59.22,6.57,665.5,23344,80.5,145.8,21.12,298.506,5.89,33.38
2018-04-02,13419295,2,16.9,4.28,100.9,4342,187.5,172.7,10.02,65.261,4.05,5.82
2018-04-02,27736141,6,33.6,5.87,346.5,11837,83.5,154.2,10.22,142.169,6.04,35.81
2018-04-02,614320,8,31.3,4.9,103.0,9200,169.3,131.7,9.31,106.733,5.18,32.82
2018-04-02,23177662,4,33.38,5.89,345.0,11791,80.5,145.8,10.62,150.775,6.38,52.11
2018-04-09,13419295,1,5.82,4.05,74.4,1413,187.8,173.7,5.82,21.53,4.85,5.03
2018-04-09,27736141,5,35.81,6.04,440.5,12971,83.5,150.9,15.11,175.117,5.92,39.09
2018-04-09,614320,3,32.82,5.18,330.0,10196,174.3,128.9,12.21,115.207,5.15,7.03
2018-04-09,23177662,9,52.11,6.38,325.5,19964,80.5,145.8,15.28,255.285,5.62,31.44
2018-04-16,13419295,1,5.03,4.85,30.9,1462,184.2,164.3,5.03,21.071,4.59,5.02
2018-04-16,27736141,5,39.09,5.92,323.1,13887,83.5,155.2,20.03,189.65,5.65,34.88
2018-04-16,23177662,2,31.44,5.62,200.3,10607,80.5,145.8,21.24,135.635,6.19,36.71
2018-04-23,13419295,1,5.02,4.59,56.6,1382,184.8,148.9,5.02,18.053,4.88,6.02
2018-04-23,7211094,1,5.7,4.54,28.3,1554,174.6,157.3,5.7,21.441,4.69,13.84
2018-04-23,27736141,4,34.88,5.65,432.6,11820,83.5,159.0,11.04,165.349,5.81,56.04
2018-04-23,614320,1,7.03,5.15,12.0,2171,172.6,140.5,7.03,26.757,5.06,34.72
2018-04-23,23177662,5,36.71,6.19,437.3,13643,80.5,145.8,15.02,174.457,5.91,37.02
2018-04-30,13419295,1,6.02,4.88,33.5,1763,180.6,148.9,6.02,23.03,6.21,3.37
2018-04-30,7211094,4,13.84,4.69,80.1,3892,174.6,157.3,5.02,53.699,4.58,5.05
2018-04-30,27736141,7,56.04,5.81,536.9,19521,83.5,160.0,20.11,270.687,5.73,43.28
2018-04-30,614320,10,34.72,5.06,109.0,10551,172.2,137.2,10.41,128.001,5.13,40.97
2018-04-30,23177662,3,37.02,5.91,345.0,13119,80.5,145.8,23.0,167.756,5.37,43.81
2018-05-07,13419295,1,3.37,6.21,25.8,1255,167.4,134.9,3.37,14.851,4.47,15.11
2018-05-07,7211094,1,5.05,4.58,17.5,1388,173.8,157.3,5.05,19.151,4.44,5.07
2018-05-07,27736141,4,43.28,5.73,485.4,14872,83.5,157.0,20.14,203.651,5.88,27.94
2018-05-07,614320,9,40.97,5.13,57.0,12605,169.9,132.3,10.42,123.805,5.32,8.42
2018-05-07,23177662,3,43.81,5.37,366.5,14120,80.5,145.8,21.4,180.556,9.66,7.6
2018-05-14,13419295,3,15.11,4.47,152.1,4056,184.2,163.7,5.09,19.888,4.82,25.09
2018-05-14,7211094,1,5.07,4.44,25.2,1349,175.4,157.3,5.07,18.613,4.65,4.27
2018-05-14,27736141,3,27.94,5.88,458.5,9849,83.5,156.5,10.18,135.746,5.91,46.2
2018-05-14,614320,3,8.42,5.32,3.0,2691,169.2,136.8,4.71,32.303,4.99,14.02
2018-05-14,23177662,2,7.6,9.66,116.9,4407,80.5,145.8,5.13,56.354,8.11,34.46
2018-05-21,13419295,5,25.09,4.82,249.7,7257,181.3,154.0,7.3,97.266,5.35,18.46
2018-05-21,27736141,7,46.2,5.91,499.5,16394,83.5,163.2,10.12,234.153,5.76,38.42
2018-05-21,614320,2,14.02,4.99,20.0,4199,177.0,138.3,7.01,50.93,5.06,44.52
2018-05-21,23177662,8,34.46,8.11,293.3,16770,80.5,145.8,6.58,214.443,7.37,42.55
2018-05-28,7211094,1,4.27,4.65,21.4,1191,176.0,157.3,4.27,16.433,4.52,4.23
2018-05-28,27736141,4,38.42,5.76,382.7,13280,83.5,161.5,12.13,187.288,5.46,35.71
2018-05-28,614320,9,44.52,5.06,70.0,13524,173.9,131.6,10.44,157.461,4.97,14.34
2018-05-28,23177662,9,42.55,7.37,438.7,18826,80.5,145.8,11.12,240.733,6.64,51.0
2018-06-04,13419295,3,18.46,5.35,185.7,5925,171.5,155.1,10.14,20.34,5.36,16.0
2018-06-04,7211094,1,4.23,4.52,17.2,1148,178.0,157.3,4.23,15.839,6.51,7.84
2018-06-04,27736141,4,35.71,5.46,153.4,11702,83.5,164.0,13.76,130.085,5.61,52.69
2018-06-04,614320,2,14.34,4.97,10.2,4280,175.7,134.5,7.33,24.399,5.11,45.98
2018-06-04,23177662,9,51.0,6.64,363.9,20308,80.5,145.8,14.1,259.684,6.78,21.94
2018-06-11,13419295,1,16.0,5.36,133.7,5150,176.6,154.8,16.0,69.932,6.12,4.49
2018-06-11,27736141,5,52.69,5.61,200.4,17728,83.5,163.8,21.34,159.104,5.9,40.01
2018-06-11,614320,11,45.98,5.11,322.8,14091,173.9,136.8,10.46,169.152,4.93,63.3
2018-06-11,23177662,7,21.94,6.78,156.4,8931,80.5,145.8,5.07,114.203,6.98,38.19
2018-06-18,13419295,1,4.49,6.12,59.2,1647,89.7,148.9,4.49,21.515,4.84,14.17
2018-06-18,27736141,6,40.01,5.9,313.5,14174,168.7,155.0,10.12,196.918,5.75,57.97
2018-06-18,614320,12,63.3,4.93,164.2,18726,176.2,136.8,13.13,224.791,4.9,29.73
2018-06-18,23177662,4,38.19,6.98,378.2,15993,80.5,145.8,25.12,204.507,5.44,52.86
2018-06-25,13419295,2,14.17,4.84,95.3,4114,183.5,160.4,10.01,56.752,4.72,30.68
2018-06-25,27736141,6,57.97,5.75,81.0,20009,171.8,151.6,16.24,267.567,5.83,60.37
2018-06-25,614320,7,29.73,4.9,57.4,8741,173.7,136.8,13.13,104.929,5.43,35.51
2018-06-25,23177662,9,52.86,5.44,409.5,17259,80.5,145.8,11.6,220.696,5.95,48.9
2018-07-02,13419295,3,30.68,4.72,301.1,8688,182.3,164.5,21.22,103.972,4.9,22.42
2018-07-02,27736141,7,60.37,5.83,147.2,21104,169.4,153.3,16.53,285.825,5.98,55.58
2018-07-02,614320,3,35.51,5.43,359.4,11563,174.5,136.8,13.04,138.805,5.23,46.14
2018-07-02,23177662,6,48.9,5.95,537.8,17443,80.5,145.8,16.04,223.048,5.35,29.16
2018-07-09,13419295,1,22.42,4.9,219.1,6598,180.0,153.9,22.42,89.073,4.85,10.89
2018-07-09,32658279,1,5.8,6.48,38.5,2257,83.2,141.6,5.8,28.043,6.55,10.71
2018-07-09,27736141,5,55.58,5.98,171.0,19931,167.4,148.3,20.2,261.138,5.73,64.61
2018-07-09,23177662,11,29.16,5.35,264.5,9357,80.5,145.8,6.01,119.651,6.29,13.96
2018-07-16,13419295,1,10.89,4.85,168.6,3168,89.7,148.9,10.89,41.384,5.58,43.12
2018-07-16,27736141,6,64.61,5.73,107.0,22195,169.7,148.2,21.15,292.743,5.67,34.64
2018-07-16,614320,9,46.14,5.23,11179.2,14493,172.7,136.8,12.23,173.978,5.2,30.63
2018-07-16,23177662,4,13.96,6.29,169.6,5266,80.5,145.8,6.02,67.338,5.49,39.08
2018-07-23,13419295,1,43.12,5.58,814.7,14445,89.7,148.9,43.12,188.695,4.44,10.08
2018-07-23,27736141,5,34.64,5.67,33.0,11777,165.9,147.3,12.1,102.24,5.73,46.15
2018-07-23,614320,3,30.63,5.2,1900.6,9561,175.7,136.8,13.14,114.773,5.23,29.5
2018-07-23,23177662,7,39.08,5.49,403.7,12878,80.5,145.8,10.18,164.675,5.92,41.06
2018-07-30,27736141,5,46.15,5.73,141.9,15856,165.6,146.3,21.19,214.243,5.8,66.98
2018-07-30,614320,3,29.5,5.23,320.2,9258,175.6,136.8,12.03,111.135,5.28,15.45
2018-07-30,23177662,8,41.06,5.92,303.2,14591,80.5,145.8,21.22,186.579,6.03,37.7
2018-08-06,13419295,2,10.08,4.44,78.8,2686,188.2,169.6,5.05,18.864,4.79,21.22
2018-08-06,27736141,8,66.98,5.8,97.0,23313,167.4,146.5,24.03,309.534,5.71,58.59
2018-08-06,614320,4,15.45,5.28,109.6,4892,167.9,136.8,7.04,58.725,5.21,7.02
2018-08-06,23177662,10,37.7,6.03,393.7,13633,80.5,145.8,5.51,174.329,6.18,60.37
2018-08-13,32658279,1,10.71,6.55,144.2,4206,83.2,141.6,10.71,52.26,6.27,13.64
2018-08-13,27736141,6,58.59,5.71,88.0,20065,169.3,149.5,28.11,269.467,5.67,48.36
2018-08-13,614320,1,7.02,5.21,46.2,2196,177.4,136.8,7.02,26.361,5.09,39.96
2018-08-13,23177662,9,60.37,6.18,720.6,22400,80.5,145.8,30.18,286.435,5.96,26.39
2018-08-20,13419295,1,21.22,4.79,177.0,6099,183.4,165.3,21.22,88.436,4.83,15.15
2018-08-20,32658279,1,13.64,6.27,58.3,5130,83.2,141.6,13.64,63.741,6.73,9.16
2018-08-20,27736141,6,48.36,5.67,121.0,16448,170.1,155.0,12.14,223.361,5.93,74.61
2018-08-20,614320,7,39.96,5.09,2870.8,12200,175.0,136.8,10.42,146.452,5.06,40.42
2018-08-20,23177662,4,26.39,5.96,241.5,9435,80.5,145.8,10.11,120.648,5.53,50.13
2018-08-27,27736141,6,74.61,5.93,3955.0,26551,167.7,147.3,32.05,347.677,5.68,52.5
2018-08-27,614320,9,40.42,5.06,320.8,12271,172.5,136.8,8.64,147.304,5.16,17.93
2018-08-27,23177662,8,50.13,5.53,641.2,16638,80.5,145.8,12.01,212.755,6.09,57.22
2018-09-03,13419295,1,15.15,4.83,177.2,4387,183.4,160.2,15.15,61.649,4.88,45.08
2018-09-03,27736141,5,52.5,5.68,106.0,17895,172.8,152.1,12.66,239.156,5.79,71.29
2018-09-03,614320,5,17.93,5.16,30.6,5554,173.4,136.8,7.03,66.672,5.27,26.6
2018-09-03,23177662,3,57.22,6.09,522.4,20897,80.5,145.8,31.09,267.216,6.06,45.15
2018-09-10,13419295,3,45.08,4.88,506.1,13210,189.9,150.6,35.03,137.812,4.38,10.02
2018-09-10,27736141,6,71.29,5.79,114.0,24775,169.7,149.1,32.05,323.379,5.6,34.41
2018-09-10,614320,5,26.6,5.27,62.4,8406,172.7,136.8,10.45,100.908,5.23,21.08
2018-09-10,23177662,2,45.15,6.06,576.9,16411,80.5,145.8,35.12,209.852,6.01,39.56
2018-09-17,13419295,1,10.02,4.38,163.1,2632,188.2,170.6,10.02,39.388,7.15,5.11
2018-09-17,32658279,1,9.16,6.73,65.9,3697,83.2,141.6,9.16,45.936,5.69,21.66
2018-09-17,27736141,5,34.41,5.6,51.0,11557,168.8,153.4,10.37,155.297,5.87,62.39
2018-09-17,614320,3,21.08,5.23,106.8,6617,174.2,136.8,7.03,79.432,5.44,72.14
2018-09-17,23177662,5,39.56,6.01,325.5,14260,80.5,145.8,21.19,182.347,5.58,16.83
2018-09-24,13419295,1,5.11,7.15,68.2,2190,149.4,125.8,5.11,24.167,5.94,47.58
2018-09-24,27736141,6,62.39,5.87,170.0,21985,169.2,149.0,16.52,289.24,6.13,61.33
2018-09-24,614320,7,72.14,5.44,217.8,23563,175.8,136.8,13.11,282.856,5.35,40.59
2018-09-24,23177662,3,16.83,5.58,70.2,5639,80.5,145.8,12.02,72.107,6.7,51.06
2018-10-01,13419295,2,47.58,5.94,171.1,16947,179.3,161.6,42.56,218.174,5.11,10.04
2018-10-01,27736141,4,61.33,6.13,98.0,22567,166.5,148.0,42.57,306.594,6.84,36.23
2018-10-01,614320,6,40.59,5.35,118.0,13031,173.7,136.8,10.44,156.427,5.42,60.4
2018-10-01,23177662,3,51.06,6.7,125.9,20539,80.5,145.8,42.99,262.638,7.53,7.87
2018-10-08,7211094,1,7.84,6.51,86.5,3062,169.6,157.3,7.84,42.248,4.54,4.95
2018-10-08,32658279,1,21.66,5.69,272.2,7390,83.2,148.0,21.66,95.94,4.62,5.01
2018-10-08,27736141,3,36.23,6.84,96.0,14860,160.5,139.5,21.14,181.058,6.19,21.82
2018-10-08,23177662,3,7.87,7.53,54.1,3555,80.5,145.8,3.45,45.459,6.37,26.45
2018-10-15,13419295,1,10.04,5.11,63.2,3079,183.8,164.3,10.04,44.375,4.82,16.08
2018-10-15,7211094,1,4.95,4.54,44.3,1348,171.2,157.3,4.95,18.599,4.68,9.54
2018-10-15,27736141,4,21.82,6.19,33.0,8106,165.0,146.1,6.21,102.599,7.48,59.3
2018-10-15,614320,6,60.4,5.42,169.0,19636,176.7,136.8,13.2,235.715,5.22,50.01
2018-10-15,23177662,6,26.45,6.37,205.9,10107,80.5,145.8,5.59,129.241,5.8,33.03
2018-10-22,13419295,2,16.08,4.82,137.7,4653,183.5,159.5,10.0,66.003,5.45,15.27
2018-10-22,7211094,2,9.54,4.68,49.8,2677,171.4,157.3,5.0,36.936,4.09,1.06
2018-10-22,32658279,1,5.01,4.62,34.4,1389,83.2,141.6,5.01,17.258,5.65,8.36
2018-10-22,27736141,4,59.3,7.48,198.0,26599,158.6,138.6,32.24,326.586,6.92,48.22
2018-10-22,614320,4,50.01,5.22,185.0,15675,177.8,136.8,15.11,188.167,5.75,63.56
2018-10-22,23177662,7,33.03,5.8,272.6,11487,80.5,145.8,10.08,146.887,7.46,17.97
2018-10-29,13419295,2,15.27,5.45,96.4,4993,188.9,145.7,10.25,46.023,4.97,21.93
2018-10-29,7211094,1,1.06,4.09,5.6,259,181.0,157.3,1.06,3.574,4.23,5.02
2018-10-29,27736141,4,48.22,6.92,136.0,20032,162.7,145.9,21.21,251.751,7.53,36.49
2018-10-29,614320,9,63.56,5.75,237.0,21935,169.7,136.8,15.14,263.313,5.54,34.47
2018-10-29,23177662,4,17.97,7.46,197.1,8039,80.5,145.8,5.1,102.797,6.43,33.33
2018-11-05,13419295,3,21.93,4.97,225.3,6535,183.9,155.2,12.58,90.782,4.91,17.54
2018-11-05,7211094,1,5.02,4.23,23.0,1272,174.8,157.3,5.02,17.55,6.05,3.82
2018-11-05,27736141,3,36.49,7.53,86.0,16495,157.8,138.7,21.12,200.696,7.17,54.66
2018-11-05,614320,3,34.47,5.54,164.6,11462,177.5,136.8,12.76,137.593,5.9,2.21
2018-11-05,23177662,4,33.33,6.43,219.7,12860,80.5,145.8,15.11,164.444,5.58,43.17
2018-11-12,27736141,6,54.66,7.17,168.0,23526,160.5,143.8,21.11,295.911,6.22,10.82
2018-11-12,23177662,5,43.17,5.58,447.9,14463,80.5,145.8,12.16,184.942,6.19,31.05
2018-11-19,13419295,2,17.54,4.91,182.4,5163,186.2,159.1,10.01,72.699,4.86,15.02
2018-11-19,32658279,1,8.36,5.65,47.9,2831,83.2,141.6,8.36,35.175,6.16,9.71
2018-11-19,614320,1,2.21,5.9,14.2,782,174.8,136.8,2.21,9.387,5.53,4.02
2018-11-19,23177662,5,31.05,6.19,291.0,11529,80.5,145.8,21.32,147.425,6.03,41.96
2018-11-26,13419295,1,15.02,4.86,80.2,4380,184.6,162.7,15.02,62.511,4.93,38.64
2018-11-26,23177662,5,41.96,6.03,392.0,15192,80.5,145.8,25.11,194.264,6.12,26.58
2018-12-03,13419295,3,38.64,4.93,168.4,11431,186.8,155.6,18.02,152.981,5.19,28.32
2018-12-03,32658279,1,9.71,6.16,54.8,3592,83.2,141.6,9.71,44.631,6.78,20.1
2018-12-03,27736141,2,10.82,6.22,99.0,4036,163.8,163.5,5.98,57.628,6.9,25.76
2018-12-03,23177662,10,26.58,6.12,358.1,9767,80.5,145.8,5.03,124.893,5.6,33.26
2018-12-10,13419295,2,28.32,5.19,289.8,8824,184.5,148.9,21.3,115.268,4.81,34.09
2018-12-10,27736141,3,25.76,6.9,121.0,10662,160.0,145.7,10.64,137.75,6.28,36.31
2018-12-10,614320,1,4.02,5.53,21.4,1334,173.8,136.8,4.02,16.014,5.41,4.02
2018-12-10,23177662,5,33.26,5.6,332.7,11182,80.5,145.8,11.33,142.987,5.86,59.13
2018-12-17,13419295,2,34.09,4.81,235.7,9833,185.4,148.9,24.07,128.449,4.84,14.13
2018-12-17,27736141,4,36.31,6.28,156.0,13680,164.2,152.9,10.61,181.967,6.81,66.37
2018-12-17,614320,1,4.02,5.41,24.6,1303,174.8,136.8,4.02,15.642,5.36,14.06
2018-12-17,23177662,4,59.13,5.86,444.5,20801,80.5,145.8,22.01,265.988,5.93,59.86
2018-12-24,13419295,2,14.13,4.84,174.1,4105,186.1,148.9,9.06,53.624,4.78,25.89
2018-12-24,32658279,2,20.1,6.78,53.4,8177,83.2,141.6,12.88,101.6,5.12,10.09
2018-12-24,27736141,4,66.37,6.81,262.0,27131,164.0,152.3,43.21,359.428,6.26,26.14
2018-12-24,614320,2,14.06,5.36,60.0,4519,175.0,136.8,7.03,54.247,5.46,45.58
2018-12-24,23177662,8,59.86,5.93,518.1,21285,80.5,145.8,21.32,272.177,6.01,60.37
2018-12-31,13419295,3,25.89,4.78,158.9,7426,186.4,154.2,11.6,43.041,4.89,6.03
2018-12-31,32658279,1,10.09,5.12,49.4,3098,324.2,141.6,10.09,38.493,5.45,11.14
2018-12-31,27736141,3,26.14,6.26,113.0,9814,164.5,151.9,10.62,75.566,6.03,15.2
2018-12-31,614320,6,45.58,5.46,331.0,14925,174.4,136.8,10.44,179.163,5.38,45.85
2018-12-31,23177662,7,60.37,6.01,636.6,21767,80.5,145.8,21.21,278.341,6.42,35.31
2019-01-07,13419295,1,6.03,4.89,62.8,1769,184.4,145.7,6.03,22.609,4.96,10.03
2019-01-07,27736141,2,15.2,6.03,66.0,5505,166.6,161.0,10.18,77.857,6.99,48.46
2019-01-07,614320,6,45.85,5.38,337.0,14812,174.5,136.8,10.43,177.807,5.56,51.67
2019-01-07,23177662,4,35.31,6.42,218.4,13600,80.5,145.8,21.13,173.907,6.53,29.33
2019-01-14,13419295,1,10.03,4.96,52.5,2985,190.6,150.7,10.03,39.46,4.79,15.02
2019-01-14,32658279,1,11.14,5.45,60.0,3646,83.2,141.6,11.14,45.302,5.6,18.83
2019-01-14,27736141,5,48.46,6.99,192.0,20335,158.3,145.4,17.3,257.55,6.35,38.14
2019-01-14,614320,6,51.67,5.56,250.8,17230,174.8,136.8,11.53,206.833,5.49,14.05
2019-01-14,23177662,6,29.33,6.53,294.4,11499,80.5,145.8,10.12,147.041,5.56,6.09
2019-01-21,13419295,2,15.02,4.79,106.4,4316,186.7,151.1,10.02,58.945,4.86,19.01
2019-01-21,7211094,1,3.82,6.05,31.1,1388,163.6,157.3,3.82,19.151,4.76,3.72
2019-01-21,32658279,2,18.83,5.6,107.6,6329,336.0,141.6,12.25,78.638,5.47,5.08
2019-01-21,27736141,7,38.14,6.35,105.0,14525,163.0,150.9,10.19,193.165,6.71,39.98
2019-01-21,614320,2,14.05,5.49,92.4,4629,174.8,136.8,7.03,55.568,5.54,18.36
2019-01-21,23177662,1,6.09,5.56,51.9,2030,80.5,145.8,6.09,25.958,6.68,46.28
2019-01-28,13419295,2,19.01,4.86,101.4,5542,186.6,155.7,10.63,42.981,4.81,22.6
2019-01-28,32658279,1,5.08,5.47,24.3,1667,83.2,141.6,5.08,20.713,5.68,20.08
2019-01-28,27736141,4,39.98,6.71,150.0,16106,159.0,146.9,17.45,207.957,6.61,41.12
2019-01-28,614320,3,18.36,5.54,154.6,6102,173.5,136.8,7.32,73.25,5.47,21.39
2019-01-28,23177662,4,46.28,6.68,439.9,18555,80.5,145.8,25.01,237.268,5.65,36.52
2019-02-04,13419295,2,22.6,4.81,69.7,6522,187.7,156.3,12.05,89.467,4.81,16.05
2019-02-04,32658279,3,20.08,5.68,327.6,6844,83.2,141.6,7.06,85.037,5.18,12.06
2019-02-04,27736141,4,41.12,6.61,180.0,16317,161.8,150.4,16.04,211.71,6.21,30.68
2019-02-04,614320,3,21.39,5.47,105.0,7016,175.0,136.8,7.32,84.222,5.44,7.84
2019-02-04,23177662,3,36.52,5.65,268.6,12389,80.5,145.8,21.11,158.422,5.12,23.92
2019-02-11,13419295,2,16.05,4.81,230.9,4630,188.0,150.3,10.02,61.832,5.16,28.16
2019-02-11,32658279,1,12.06,5.18,67.3,3746,83.2,141.6,12.06,46.544,5.35,12.05
2019-02-11,27736141,3,30.68,6.21,110.0,11441,164.3,149.4,12.04,150.315,6.51,26.16
2019-02-11,614320,2,7.84,5.44,46.0,2556,172.6,136.8,7.05,30.683,5.45,7.03
2019-02-11,23177662,3,23.92,5.12,253.4,7346,80.5,145.8,11.22,93.935,5.49,19.43
2019-02-18,13419295,3,28.16,5.16,145.0,8722,187.6,154.3,21.03,98.49,4.89,5.02
2019-02-18,32658279,1,12.05,5.35,61.6,3866,83.2,112.0,12.05,37.982,4.98,14.93
2019-02-18,27736141,2,26.16,6.51,173.0,10219,162.4,148.2,16.03,131.576,6.03,41.27
2019-02-18,614320,1,7.03,5.45,49.0,2301,173.2,136.8,7.03,27.622,5.49,21.79
2019-02-18,23177662,4,19.43,5.49,183.8,6400,80.5,145.8,5.38,81.839,5.62,18.64
2019-02-25,13419295,1,5.02,4.89,46.0,1474,182.8,148.9,5.02,19.255,5.72,4.47
2019-02-25,27736141,3,41.27,6.03,141.0,14934,164.1,153.8,21.11,201.721,6.44,20.22
2019-02-25,614320,3,21.79,5.49,175.0,7178,173.9,136.8,7.43,86.166,5.45,14.36
2019-02-25,23177662,3,18.64,5.62,135.3,6279,80.5,145.8,10.1,80.291,6.2,27.31
2019-03-04,27736141,2,20.22,6.44,73.0,7817,162.0,155.4,10.12,106.484,5.74,5.02
2019-03-04,614320,2,14.36,5.45,95.4,4695,174.1,136.8,7.33,56.36,5.62,50.19
2019-03-04,23177662,3,27.31,6.2,214.6,10165,80.5,145.8,21.22,129.983,5.73,29.24
2019-03-11,13419295,2,4.47,5.72,43.7,1532,173.8,148.9,2.85,20.013,6.11,35.51
2019-03-11,32658279,2,14.93,4.98,80.4,4458,326.5,154.3,9.9,40.917,6.06,28.11
2019-03-11,27736141,1,5.02,5.74,27.0,1728,163.0,165.0,5.02,25.011,5.96,15.1
2019-03-11,23177662,3,29.24,5.73,350.3,10047,80.5,145.8,21.25,128.474,6.12,33.9
2019-03-18,32658279,2,28.11,6.06,159.3,10225,83.2,141.6,15.04,127.047,5.89,21.82
2019-03-18,27736141,2,15.1,5.96,77.0,5397,163.6,163.3,10.02,77.73,6.91,15.77
2019-03-18,614320,7,50.19,5.62,331.4,16912,173.3,136.8,10.43,203.016,5.29,14.35
2019-03-18,23177662,4,33.9,6.12,308.3,12439,80.5,145.8,10.3,159.061,5.34,16.43
2019-03-25,32658279,1,21.82,5.89,586.6,7714,131.6,141.6,21.82,95.847,5.79,15.03
2019-03-25,27736141,2,15.77,6.91,114.0,6541,159.8,151.3,10.14,85.989,6.33,15.06
2019-03-25,614320,2,14.35,5.29,78.6,4557,175.3,136.8,7.32,54.703,5.5,11.06
2019-03-25,23177662,3,16.43,5.34,154.6,5260,80.5,145.8,8.36,67.261,5.45,17.01
2019-04-01,13419295,6,35.51,6.11,1166.8,13012,181.2,157.7,10.56,173.023,5.35,15.01
2019-04-01,32658279,1,15.03,5.79,82.9,5221,83.2,141.6,15.03,64.871,5.77,27.35
2019-04-01,27736141,2,15.06,6.33,92.0,5722,164.5,155.6,10.04,78.656,6.51,25.22
2019-04-01,23177662,2,17.01,5.45,62.3,5564,80.5,145.8,12.0,71.148,5.75,35.99
2019-04-08,13419295,1,15.01,5.35,140.4,4814,182.8,146.7,15.01,61.949,5.33,9.06
2019-04-08,27736141,3,25.22,6.51,80.0,9851,165.7,158.2,10.11,134.586,6.55,39.12
2019-04-08,614320,2,11.06,5.5,57.4,3652,174.7,136.8,7.03,43.84,5.53,22.02
2019-04-08,23177662,5,35.99,5.75,406.6,12419,80.5,145.8,15.12,158.805,6.18,36.15
2019-04-15,27736141,4,39.12,6.55,206.0,15366,166.0,149.8,14.04,201.681,6.51,42.42
2019-04-15,614320,3,22.02,5.53,169.2,7313,176.0,136.8,7.62,87.787,6.02,2.22
2019-04-15,23177662,4,36.15,6.18,212.0,13404,80.5,145.8,10.55,171.401,5.79,31.74
2019-04-22,13419295,2,9.06,5.33,52.7,2898,173.5,163.5,5.01,20.538,6.49,5.1
2019-04-22,27736141,5,42.42,6.51,266.0,16556,165.6,148.9,12.06,214.617,6.29,50.58
2019-04-22,614320,1,2.22,6.02,22.6,801,173.2,136.8,2.22,9.615,5.65,6.24
2019-04-22,23177662,5,31.74,5.79,359.2,11032,80.5,145.8,11.05,141.069,5.54,18.1
2019-04-29,13419295,1,5.1,6.49,34.9,1986,188.0,148.9,5.1,25.943,4.77,15.03
2019-04-29,32658279,2,27.35,5.77,166.7,9465,83.2,178.3,20.71,110.984,5.32,10.04
2019-04-29,27736141,5,50.58,6.29,256.0,19092,168.5,151.1,15.12,252.064,6.85,58.65
2019-04-29,614320,2,6.24,5.65,35.2,2114,177.1,136.8,4.02,25.377,5.61,2.21
2019-04-29,23177662,3,18.1,5.54,195.0,6012,80.5,145.8,10.01,76.877,6.33,13.51
2019-05-06,13419295,2,15.03,4.77,102.1,4299,185.5,161.5,10.01,41.197,5.3,31.23
2019-05-06,27736141,5,58.65,6.85,367.0,24108,163.5,146.0,18.44,304.029,6.39,53.88
2019-05-06,23177662,3,13.51,6.33,297.9,5132,80.5,145.8,10.12,65.624,5.53,22.42
2019-05-13,32658279,1,10.04,5.32,49.3,3203,318.8,141.6,10.04,39.798,5.6,11.17
2019-05-13,27736141,5,53.88,6.39,389.4,20645,166.0,145.8,16.03,216.476,6.41,40.84
2019-05-13,23177662,3,22.42,5.53,448.8,7441,80.5,145.8,10.31,95.15,5.86,32.12
2019-05-20,13419295,3,31.23,5.3,296.7,9936,184.5,153.0,21.2,95.128,5.16,23.68
2019-05-20,32658279,1,11.17,5.6,60.1,3754,234.8,141.6,11.17,46.644,5.17,16.22
2019-05-20,27736141,4,40.84,6.41,292.0,15704,168.1,152.3,16.33,208.493,6.46,42.5
2019-05-20,23177662,3,32.12,5.86,611.8,11286,80.5,145.8,11.1,144.317,5.7,27.47
2019-05-27,27736141,4,42.5,6.46,210.0,16483,165.3,148.9,18.71,213.72,6.18,47.13
2019-05-27,614320,1,2.21,5.61,11.6,744,176.4,136.8,2.21,8.931,5.72,7.04
2019-05-27,23177662,2,27.47,5.7,260.7,9390,80.5,145.8,21.11,120.073,5.83,34.51
2019-06-03,13419295,2,23.68,5.16,139.9,7335,180.6,164.8,15.01,62.494,4.48,10.73
2019-06-03,32658279,2,16.22,5.17,89.2,5027,314.6,141.6,10.64,62.461,5.83,5.15
2019-06-03,27736141,7,47.13,6.18,305.0,17489,167.6,150.4,15.26,229.747,6.42,30.78
2019-06-03,614320,2,7.04,5.72,48.2,2416,176.9,136.8,4.02,29.002,5.66,19.02
2019-06-03,23177662,4,34.51,5.83,416.0,12079,80.5,145.8,10.02,154.458,5.59,51.04
2019-06-10,27736141,4,30.78,6.42,217.0,11860,166.5,150.1,10.08,156.435,5.65,25.83
2019-06-10,23177662,5,51.04,5.59,941.4,17107,80.5,145.8,10.31,218.752,5.76,54.23
2019-06-17,614320,3,19.02,5.66,173.8,6455,176.5,136.8,7.03,77.487,5.69,26.42
2019-06-17,23177662,6,54.23,5.76,991.7,18753,80.5,145.8,10.17,239.8,5.83,40.25
2019-06-24,27736141,4,25.83,5.65,547.0,8765,166.2,158.5,7.47,120.605,5.72,43.22
2019-06-24,614320,4,26.42,5.69,219.0,9018,176.3,136.8,8.53,108.254,5.35,14.06
2019-06-24,23177662,3,40.25,5.83,709.3,14068,80.5,145.8,15.2,179.891,8.63,10.07
2019-07-01,13419295,1,10.73,4.48,62.0,2886,183.6,169.7,10.73,42.961,4.69,13.4
2019-07-01,27736141,5,43.22,5.72,1270.0,14829,168.9,154.3,20.03,198.206,6.0,57.81
2019-07-01,614320,2,14.06,5.35,95.8,4514,177.4,136.8,7.03,54.187,5.12,8.56
2019-07-01,23177662,1,10.07,8.63,79.9,5217,80.5,145.8,10.07,66.711,5.87,54.42
2019-07-08,27736141,4,57.81,6.0,1967.0,20825,167.7,148.9,24.03,271.726,6.41,73.29
2019-07-08,614320,1,8.56,5.12,66.8,2628,177.8,136.8,8.56,31.547,5.58,4.02
2019-07-08,23177662,5,54.42,5.87,856.3,19176,80.5,145.8,21.11,245.209,7.23,1.76
2019-07-15,13419295,2,13.4,4.69,85.6,3770,180.7,162.8,10.1,55.1,5.14,5.11
2019-07-15,27736141,6,73.29,6.41,3330.0,28199,164.7,145.6,27.04,357.823,6.03,68.27
2019-07-22,13419295,1,5.11,5.14,56.6,1576,178.8,148.9,5.11,20.587,4.58,19.78
2019-07-22,27736141,6,68.27,6.03,4436.0,24714,165.6,148.6,21.18,320.638,5.93,56.37
2019-07-29,32658279,1,5.15,5.83,31.1,1800,83.2,141.6,5.15,22.365,5.43,5.52
2019-07-29,27736141,7,56.37,5.93,1228.3,20052,168.1,147.9,21.68,236.8,5.85,59.46
2019-08-05,27736141,6,59.46,5.85,1010.1,20875,167.6,148.7,21.12,276.501,5.49,32.17
2019-08-12,27736141,4,32.17,5.49,867.0,10606,172.6,158.7,11.09,126.65,5.92,74.49
2019-08-19,32658279,1,5.52,5.43,28.6,1798,332.2,141.6,5.52,22.34,5.62,7.06
2019-08-19,27736141,6,74.49,5.92,1479.0,26464,168.0,150.5,26.05,348.861,6.27,76.14
2019-08-19,614320,1,4.02,5.58,23.6,1347,174.4,136.8,4.02,16.17,5.54,21.08
2019-08-26,32658279,1,7.06,5.62,44.7,2382,186.2,141.6,7.06,29.597,5.66,9.17
2019-08-26,27736141,6,76.14,6.27,2064.0,28647,165.0,147.1,31.03,366.2,5.93,63.54
2019-09-02,32658279,1,9.17,5.66,40.7,3115,83.2,141.6,9.17,38.704,6.32,10.45
2019-09-02,27736141,6,63.54,5.93,1611.0,22589,169.1,151.8,22.46,296.914,6.04,82.23
2019-09-02,614320,3,21.08,5.54,123.6,7012,173.8,136.8,7.03,84.174,5.6,2.0
2019-09-09,7211094,1,3.72,4.76,23.1,1062,174.0,157.3,3.72,14.653,4.66,5.02
2019-09-09,32658279,1,10.45,6.32,23.9,3963,83.2,141.6,10.45,49.241,5.52,11.27
2019-09-09,27736141,7,82.23,6.04,1416.4,29784,166.4,142.4,34.02,379.621,5.9,80.34
2019-09-16,13419295,3,19.78,4.58,201.1,5441,186.0,148.9,8.32,71.076,4.43,5.6
2019-09-16,7211094,1,5.02,4.66,42.5,1404,176.4,157.3,5.02,19.372,4.39,8.3
2019-09-16,32658279,1,11.27,5.52,59.2,3731,317.6,141.6,11.27,46.358,5.57,5.98
2019-09-16,27736141,6,80.34,5.9,2261.0,28433,169.5,152.1,34.01,371.419,5.8,63.14
2019-09-23,13419295,1,5.6,4.43,24.5,1487,187.6,164.3,5.6,21.431,4.9,21.24
2019-09-23,7211094,1,8.3,4.39,38.4,2185,177.6,157.3,8.3,30.147,4.33,8.59
2019-09-23,32658279,1,5.98,5.57,47.6,1997,83.2,141.6,5.98,24.813,5.05,4.98
2019-09-23,27736141,5,63.14,5.8,1819.0,21960,171.8,149.2,30.04,287.039,5.74,44.87
2019-09-30,7211094,1,8.59,4.33,53.0,2230,178.6,157.3,8.59,30.768,4.47,10.16
2019-09-30,27736141,4,44.87,5.74,767.0,15451,171.7,153.3,19.04,206.34,5.67,66.74
2019-10-07,13419295,1,21.24,4.9,101.1,6249,184.8,160.7,21.24,88.089,5.29,13.03
2019-10-07,7211094,1,10.16,4.47,132.1,2725,175.6,157.3,10.16,37.598,4.37,5.37
2019-10-07,27736141,5,66.74,5.67,491.5,22715,170.5,150.5,42.66,312.609,5.93,33.65
2019-10-14,7211094,1,5.37,4.37,46.6,1407,86.3,157.3,5.37,19.413,4.23,5.4
2019-10-14,32658279,1,4.98,5.05,23.1,1510,321.4,141.6,4.98,18.762,5.15,4.97
2019-10-14,27736141,6,33.65,5.93,396.0,11979,166.8,148.5,9.38,158.932,5.87,66.63
2019-10-21,13419295,1,13.03,5.29,83.4,4134,194.6,148.9,13.03,54.002,4.42,16.07
2019-10-21,32658279,1,4.97,5.15,22.9,1536,83.2,141.6,4.97,19.085,6.41,22.84
2019-10-21,27736141,6,66.63,5.87,831.5,23482,169.4,152.7,21.8,312.61,5.81,70.64
2019-10-21,614320,1,2.0,5.6,11.8,673,176.2,136.8,2.0,8.079,6.03,2.22
2019-10-21,23177662,1,1.76,7.23,7.6,763,80.5,145.8,1.76,9.757,6.28,15.04
2019-10-28,13419295,2,16.07,4.42,44.8,4258,187.2,167.4,10.05,22.893,4.85,13.74
2019-10-28,32658279,2,22.84,6.41,155.9,8783,83.2,141.6,13.78,109.13,5.63,12.16
2019-10-28,27736141,6,70.64,5.81,344.7,24645,169.2,153.3,24.03,332.644,6.31,67.16
2019-10-28,614320,1,2.22,6.03,13.0,804,171.6,136.8,2.22,9.651,5.89,11.94
2019-11-04,13419295,2,13.74,4.85,81.0,4000,183.6,164.4,11.29,42.975,5.13,19.18
2019-11-04,32658279,1,12.16,5.63,67.8,4109,83.2,141.6,12.16,51.055,6.18,25.71
2019-11-04,27736141,6,67.16,6.31,319.0,25430,165.1,143.9,27.05,319.988,6.21,70.95
2019-11-04,23177662,3,15.04,6.28,175.0,5671,80.5,145.8,5.02,72.517,5.58,11.06
2019-11-11,13419295,2,19.18,5.13,131.9,5898,181.7,142.0,11.16,73.555,4.74,18.12
2019-11-11,32658279,2,25.71,6.18,132.5,9537,83.2,141.6,18.36,118.498,6.37,18.97
2019-11-11,27736141,6,70.95,6.21,359.1,26440,164.7,142.7,31.52,334.694,5.78,79.55
2019-11-18,13419295,2,18.12,4.74,63.8,5149,187.8,167.3,15.05,57.645,4.45,26.25
2019-11-18,32658279,2,18.97,6.37,108.9,7246,83.2,141.6,11.25,90.032,5.92,10.42
2019-11-18,27736141,6,79.55,5.78,379.9,27591,170.1,149.7,22.02,358.932,5.73,49.46
2019-11-25,32658279,1,10.42,5.92,58.8,3700,83.2,141.6,10.42,45.973,6.35,5.07
2019-11-25,27736141,5,49.46,5.73,187.2,16997,171.4,159.1,14.12,229.649,5.38,23.39
2019-11-25,23177662,2,11.06,5.58,117.8,3700,80.5,145.8,6.0,47.313,5.79,16.1
2019-12-02,13419295,2,26.25,4.45,78.7,7001,186.4,148.9,21.22,91.454,4.85,19.11
2019-12-02,32658279,1,5.07,6.35,25.9,1934,83.2,141.6,5.07,24.03,5.93,21.57
2019-12-02,27736141,3,23.39,5.38,76.9,7550,174.9,154.2,9.45,102.359,7.81,33.2
2019-12-09,13419295,2,19.11,4.85,65.2,5563,192.2,148.9,14.05,72.67,4.5,15.16
2019-12-16,13419295,2,15.16,4.5,64.5,4093,185.6,148.9,10.09,53.467,4.85,20.14
2019-12-16,32658279,2,21.57,5.93,117.8,7676,83.2,141.6,11.14,95.375,6.82,25.93
2019-12-16,23177662,2,16.1,5.79,191.3,5591,80.5,145.8,10.01,71.494,5.3,5.01
2019-12-23,13419295,2,20.14,4.85,104.2,5867,181.7,143.6,10.07,38.092,4.45,5.04
2019-12-23,32658279,2,25.93,6.82,150.3,10610,83.2,141.6,15.32,131.83,4.67,0.03
2019-12-23,27736141,4,33.2,7.81,206.8,15555,155.1,144.3,11.52,189.511,6.66,59.18
2019-12-23,614320,3,11.94,5.89,70.0,4224,173.1,136.8,5.72,50.706,5.52,11.08
2019-12-23,23177662,1,5.01,5.3,47.5,1593,80.5,145.8,5.01,20.37,5.22,10.04
2019-12-30,13419295,1,5.04,4.45,14.9,1347,183.6,153.0,5.04,18.078,5.05,12.16
2019-12-30,32658279,1,0.03,4.67,0.1,7,83.2,141.6,0.03,0.087,5.62,12.89
2019-12-30,27736141,3,59.18,6.66,253.5,23661,163.9,157.9,42.97,326.208,6.3,28.54
2019-12-30,614320,2,11.08,5.52,65.0,3672,176.1,136.8,6.02,44.08,5.44,11.07
2019-12-30,23177662,2,10.04,5.22,113.5,3142,80.5,145.8,5.04,40.178,5.25,15.09
2020-01-06,13419295,2,12.16,5.05,36.3,3685,176.9,142.8,7.12,45.866,5.18,20.2
2020-01-06,32658279,1,12.89,5.62,71.4,4348,83.2,141.6,12.89,54.024,4.75,5.08
2020-01-06,27736141,3,28.54,6.3,170.1,10781,166.2,153.3,19.27,145.476,6.34,35.72
2020-01-06,614320,2,11.07,5.44,64.9,3617,175.8,136.8,6.02,43.419,5.49,19.11
2020-01-06,23177662,2,15.09,5.25,172.6,4756,80.5,145.8,10.07,60.816,5.66,22.16
2020-01-13,13419295,2,20.2,5.18,147.0,6276,180.0,141.1,15.07,76.688,4.73,23.09
2020-01-13,32658279,1,5.08,4.75,23.0,1450,83.2,141.6,5.08,18.016,5.85,17.07
2020-01-13,27736141,4,35.72,6.34,199.2,13587,164.3,154.9,11.2,184.941,5.93,32.7
2020-01-13,614320,3,19.11,5.49,112.0,6292,174.9,136.8,7.03,75.531,5.4,19.12
2020-01-13,23177662,4,22.16,5.66,162.8,7528,80.5,145.8,6.02,96.263,4.72,5.04
2020-01-20,13419295,2,23.09,4.73,167.8,6547,182.3,156.7,16.04,90.218,5.47,23.27
2020-01-20,32658279,1,17.07,5.85,107.0,5996,83.2,141.6,17.07,74.501,5.0,5.15
2020-01-20,27736141,4,32.7,5.93,174.5,11626,168.9,155.0,14.53,157.3,6.25,28.29
2020-01-20,614320,3,19.12,5.4,112.1,6196,176.3,136.8,7.02,74.378,5.19,21.9
2020-01-20,23177662,1,5.04,4.72,60.3,1428,80.5,145.8,5.04,18.26,5.81,18.55
2020-01-27,13419295,3,23.27,5.47,263.8,7634,171.7,139.5,10.03,93.081,4.74,18.03
2020-01-27,32658279,1,5.15,5.0,23.7,1544,83.2,141.6,5.15,19.184,5.5,10.26
2020-01-27,27736141,4,28.29,6.25,133.4,10609,163.3,148.9,11.82,139.187,6.47,36.44
2020-01-27,614320,3,21.9,5.19,128.4,6821,176.0,136.8,8.77,81.881,5.2,16.98
2020-01-27,23177662,4,18.55,5.81,152.2,6465,80.5,145.8,11.52,82.67,4.85,11.06
2020-02-03,13419295,1,18.03,4.74,48.0,5124,182.0,152.8,18.03,68.68,5.59,5.72
2020-02-03,32658279,1,10.26,5.5,47.8,3389,83.2,141.6,10.26,42.109,6.09,8.56
2020-02-03,27736141,4,36.44,6.47,130.2,14141,161.5,150.3,13.87,185.899,6.24,40.0
2020-02-03,614320,4,16.98,5.2,6917.8,5297,176.5,136.8,6.14,63.586,5.4,23.24
2020-02-03,23177662,2,11.06,4.85,137.4,3221,80.5,145.8,5.85,41.188,5.25,6.09
2020-02-10,13419295,1,5.72,5.59,32.2,1920,167.6,148.4,5.72,24.994,6.06,31.19
2020-02-10,27736141,6,40.0,6.24,172.1,14978,163.6,149.0,16.02,197.732,5.8,19.61
2020-02-10,614320,3,23.24,5.4,89.0,7534,175.6,136.8,9.69,90.44,5.18,24.24
2020-02-10,23177662,1,6.09,5.25,71.2,1918,80.5,145.8,6.09,24.526,4.8,10.1
2020-02-17,13419295,4,31.19,6.06,784.6,11339,171.1,141.3,16.1,135.567,5.43,22.13
2020-02-17,32658279,1,8.56,6.09,97.0,3129,83.2,141.6,8.56,38.878,4.94,10.29
2020-02-17,27736141,3,19.61,5.8,140.8,6825,173.2,157.5,10.37,93.102,6.67,66.21
2020-02-17,614320,3,24.24,5.18,88.6,7532,177.7,136.8,10.49,90.416,5.29,27.34
2020-02-17,23177662,2,10.1,4.8,77.0,2909,80.5,145.8,5.05,37.198,6.16,9.18
2020-02-24,13419295,3,22.13,5.43,262.0,7213,172.1,145.4,11.05,66.546,4.5,22.16
2020-02-24,32658279,1,10.29,4.94,72.5,3051,83.2,141.6,10.29,37.909,5.26,11.05
2020-02-24,27736141,4,66.21,6.67,482.8,26494,165.6,150.3,42.82,346.421,6.35,21.59
2020-02-24,614320,4,27.34,5.29,95.6,8675,176.3,136.8,9.51,104.137,5.21,38.51
2020-02-24,23177662,3,9.18,6.16,167.1,3393,80.5,145.8,3.11,43.387,5.9,11.28
2020-03-02,13419295,3,22.16,4.5,153.0,5982,190.6,161.2,10.02,84.418,5.3,17.02
2020-03-02,32658279,1,11.05,5.26,55.7,3485,83.2,141.6,11.05,43.301,6.24,35.23
2020-03-02,27736141,3,21.59,6.35,165.7,8224,165.5,149.0,8.45,107.484,6.2,17.12
2020-03-02,614320,4,38.51,5.21,178.6,12030,175.5,136.8,12.0,144.411,5.3,26.74
2020-03-02,23177662,3,11.28,5.9,144.5,3995,80.5,145.8,4.13,51.085,5.88,22.26
2020-03-09,13419295,1,17.02,5.3,82.3,5408,180.4,133.9,17.02,63.52,5.39,6.46
2020-03-09,32658279,2,35.23,6.24,242.4,13190,83.2,141.6,25.18,163.887,6.57,21.24
2020-03-09,27736141,3,17.12,6.2,92.9,6366,167.3,151.2,6.05,84.168,6.31,20.87
2020-03-09,614320,3,26.74,5.3,112.4,8503,178.1,136.8,13.09,102.072,5.6,7.1
2020-03-09,23177662,3,22.26,5.88,257.0,7850,80.5,145.8,12.03,100.38,6.53,5.12
2020-03-16,32658279,1,21.24,6.57,152.4,8376,83.2,141.6,21.24,104.073,6.51,21.13
2020-03-16,27736141,4,20.87,6.31,131.8,7899,166.5,153.7,7.01,106.544,12.07,10.01
2020-03-16,614320,1,7.1,5.6,18.6,2387,175.2,136.8,7.1,28.654,5.71,7.1
2020-03-16,23177662,1,5.12,6.53,52.7,2006,80.5,145.8,5.12,25.651,6.97,10.3
2020-03-23,13419295,1,6.46,5.39,46.4,2088,89.7,148.9,6.46,27.276,5.1,5.1
2020-03-23,32658279,1,21.13,6.51,118.1,8250,83.2,141.6,21.13,102.507,6.78,15.18
2020-03-23,27736141,1,10.01,12.07,48.8,7250,158.6,124.7,10.01,79.305,7.01,9.68
2020-03-23,614320,1,7.1,5.71,21.0,2431,173.4,136.8,7.1,29.182,5.61,44.28
2020-03-23,23177662,2,10.3,6.97,388.5,4305,80.5,145.8,5.19,55.049,7.5,5.08
2020-03-30,27736141,3,9.68,7.01,47.2,4071,168.4,161.3,5.04,58.295,7.35,24.74
2020-03-30,614320,4,44.28,5.61,197.2,14905,173.8,136.8,12.09,178.923,5.69,43.02
2020-03-30,23177662,1,5.08,7.5,91.2,2285,80.5,145.8,5.08,29.219,6.88,27.5
2020-04-06,13419295,1,5.1,5.1,36.6,1560,89.7,148.9,5.1,20.378,6.15,5.1
2020-04-06,32658279,1,15.18,6.78,65.8,6177,83.2,141.6,15.18,76.75,6.37,10.36
2020-04-06,27736141,5,24.74,7.35,107.2,10908,165.7,152.2,14.14,143.58,5.73,5.03
2020-04-06,614320,3,43.02,5.69,146.2,14685,174.3,136.8,16.12,176.282,5.55,38.17
2020-04-06,23177662,4,27.5,6.88,489.7,11351,80.5,145.8,14.12,145.148,6.73,25.12
2020-04-13,13419295,1,5.1,6.15,36.6,1881,89.7,148.9,5.1,24.572,4.93,20.39
2020-04-13,32658279,1,10.36,6.37,52.2,3963,83.2,141.6,10.36,49.241,5.8,40.22
2020-04-13,27736141,1,5.03,5.73,24.8,1730,169.8,150.8,5.03,22.885,6.28,6.5
2020-04-13,614320,5,38.17,5.55,136.2,12707,175.3,136.8,13.39,152.538,5.53,40.87
2020-04-13,23177662,5,25.12,6.73,468.9,10137,80.5,145.8,5.05,129.625,6.48,20.16
2020-04-20,32658279,3,40.22,5.8,175.7,14003,83.2,141.6,15.96,173.989,5.61,19.49
2020-04-20,27736141,2,6.5,6.28,101.4,2447,169.6,150.0,3.26,32.207,5.99,6.5
2020-04-20,614320,4,40.87,5.53,131.6,13569,174.7,136.8,16.21,162.886,5.33,24.74
2020-04-20,23177662,4,20.16,6.48,585.4,7838,80.5,145.8,5.06,100.227,7.13,16.22
2020-04-27,32658279,2,19.49,5.61,73.6,6561,83.2,141.6,11.08,81.521,5.91,47.83
2020-04-27,27736141,2,6.5,5.99,101.5,2336,172.0,155.3,3.31,31.828,5.98,10.05
2020-04-27,614320,3,24.74,5.33,73.0,7912,176.0,136.8,10.51,94.978,5.26,26.2
2020-04-27,23177662,4,16.22,7.13,597.2,6937,80.5,145.8,5.13,88.705,6.99,15.1
2020-05-04,13419295,4,20.39,4.93,144.6,6032,89.7,148.9,5.14,78.796,4.83,28.34
2020-05-04,32658279,4,47.83,5.91,151.4,16968,83.2,141.6,21.46,210.829,5.15,7.23
2020-05-04,614320,3,26.2,5.26,97.0,8271,176.7,136.8,11.99,99.287,5.39,14.33
2020-05-04,23177662,3,15.1,6.99,552.9,6336,80.5,145.8,5.06,81.02,6.88,28.28
2020-05-11,13419295,5,28.34,4.83,118.3,8204,89.7,148.9,7.87,107.169,4.65,13.1
2020-05-11,32658279,1,7.23,5.15,27.6,2235,83.2,141.6,7.23,27.77,5.72,11.87
2020-05-11,27736141,2,10.05,5.98,105.7,3603,166.2,167.8,5.03,53.031,5.84,15.06
2020-05-11,614320,2,14.33,5.39,33.8,4637,174.3,136.8,7.21,55.664,5.4,7.1
2020-05-11,23177662,6,28.28,6.88,834.5,11669,80.5,145.8,5.11,149.215,6.3,3.04
2020-05-18,13419295,2,13.1,4.65,92.5,3655,188.7,166.9,10.05,52.831,5.03,9.09
2020-05-18,32658279,1,11.87,5.72,50.5,4076,83.2,141.6,11.87,50.645,5.97,20.72
2020-05-18,27736141,3,15.06,5.84,150.0,5276,168.3,163.0,5.03,75.443,5.96,15.13
2020-05-18,614320,1,7.1,5.4,18.0,2299,175.2,136.8,7.1,27.598,5.21,14.23
2020-05-18,23177662,1,3.04,6.3,73.2,1149,80.5,145.8,3.04,14.693,7.07,10.06
2020-05-25,13419295,4,9.09,5.03,40.3,2743,177.1,152.7,5.03,30.141,4.87,21.23
2020-05-25,32658279,3,20.72,5.97,85.9,7423,83.2,141.6,10.46,92.231,5.44,7.34
2020-05-25,27736141,3,15.13,5.96,156.7,5414,167.4,160.5,5.1,76.144,6.17,12.61
2020-05-25,614320,2,14.23,5.21,34.6,4451,175.3,136.8,7.12,53.431,5.35,35.09
2020-06-01,13419295,4,21.23,4.87,122.7,6204,183.2,148.4,6.03,62.091,4.93,16.53
2020-06-01,32658279,1,7.34,5.44,37.2,2396,83.2,141.6,7.34,29.771,6.06,19.68
2020-06-01,27736141,2,12.61,6.17,143.5,4672,167.8,163.2,7.6,66.84,6.17,20.06
2020-06-01,614320,4,35.09,5.35,102.4,11262,175.8,136.8,10.45,135.192,5.32,31.63
2020-06-08,13419295,3,16.53,4.93,19.4,4894,175.3,144.1,10.01,66.587,5.33,16.99
2020-06-08,32658279,3,19.68,6.06,136.3,7159,83.2,141.6,11.42,88.951,6.57,27.68
2020-06-08,27736141,4,20.06,6.17,202.9,7420,164.8,159.9,5.02,104.032,6.19,31.74
2020-06-08,614320,4,31.63,5.32,118.4,10104,176.6,136.8,10.3,121.291,5.49,7.85
2020-06-15,13419295,6,16.99,5.33,176.5,5438,178.6,142.1,5.12,66.822,5.4,25.02
2020-06-15,32658279,3,27.68,6.57,81.2,10909,83.2,141.6,12.27,135.545,5.92,29.83
2020-06-15,27736141,5,31.74,6.19,73.3,11789,167.1,155.7,14.11,159.369,6.5,21.09
2020-06-22,13419295,1,25.02,5.4,330.8,8113,183.8,156.2,25.02,111.162,5.72,12.6
2020-06-22,32658279,4,29.83,5.92,99.3,10597,83.2,141.6,10.04,131.669,6.71,26.28
2020-06-22,27736141,3,21.09,6.5,12.7,8229,159.2,150.7,11.02,109.133,6.11,23.44
2020-06-22,614320,1,7.85,5.49,18.0,2585,175.0,136.8,7.85,31.031,5.47,7.12
2020-06-29,13419295,3,12.6,5.72,132.6,4326,166.5,141.4,5.01,53.521,6.06,5.75
2020-06-29,32658279,2,26.28,6.71,75.2,10583,83.2,141.6,14.2,131.495,5.94,33.8
2020-06-29,27736141,4,23.44,6.11,54.3,8591,164.9,157.7,7.03,118.307,6.44,22.33
2020-07-06,13419295,1,5.75,6.06,72.8,2091,168.0,132.3,5.75,24.267,5.27,26.22
2020-07-06,27736141,3,22.33,6.44,172.0,8633,165.5,154.6,9.19,117.256,6.4,34.41
2020-07-06,614320,1,7.12,5.47,17.0,2336,174.4,136.8,7.12,28.042,5.48,14.32
2020-07-13,13419295,2,26.22,5.27,282.3,8295,183.2,147.1,21.2,108.181,4.69,35.14
2020-07-13,32658279,3,33.8,5.94,101.7,12042,83.2,141.6,19.16,149.623,4.52,5.05
2020-07-13,27736141,4,34.41,6.4,187.6,13223,164.4,155.1,18.03,176.639,6.08,37.14
2020-07-13,614320,2,14.32,5.48,34.0,4710,175.6,136.8,7.2,56.54,5.42,14.32
2020-07-20,13419295,3,35.14,4.69,75.2,9880,181.7,155.8,21.11,135.025,6.26,60.04
2020-07-20,32658279,1,5.05,4.52,20.5,1372,83.2,141.6,5.05,17.047,5.82,6.28
2020-07-20,27736141,4,37.14,6.08,30.1,13557,166.8,154.9,21.15,184.134,6.5,37.97
2020-07-20,614320,2,14.32,5.42,36.0,4662,175.8,136.8,7.19,55.964,5.4,36.87
2020-07-27,13419295,2,60.04,6.26,1067.9,22547,173.3,137.0,50.02,289.126,5.4,6.02
2020-07-27,32658279,1,6.28,5.82,22.8,2193,83.2,141.6,6.28,27.248,5.64,7.26
2020-07-27,27736141,4,37.97,6.5,126.8,14805,163.8,152.0,13.88,197.855,6.37,32.17
2020-07-27,614320,5,36.87,5.4,91.4,11955,176.6,136.8,7.42,143.511,5.79,4.02
2020-08-03,32658279,1,7.26,5.64,27.7,2455,83.2,141.6,7.26,30.504,5.83,10.09
2020-08-03,27736141,5,32.17,6.37,84.4,12292,164.2,150.2,9.53,162.7,6.13,38.23
2020-08-10,13419295,1,6.02,5.4,241.0,1950,174.8,128.1,6.02,21.912,4.23,5.01
2020-08-10,32658279,1,10.09,5.83,33.8,3530,83.2,141.6,10.09,43.861,5.92,10.08
2020-08-10,27736141,4,38.23,6.13,25.1,14068,165.6,155.0,15.01,190.584,6.09,15.09
2020-08-10,23177662,3,10.06,7.07,109.4,4267,80.5,145.8,5.01,54.563,6.1,9.04
2020-08-17,13419295,1,5.01,4.23,36.0,1272,189.2,158.7,5.01,17.708,5.14,12.12
2020-08-17,27736141,2,15.09,6.09,16.1,5516,166.2,149.3,10.05,72.519,6.0,28.09
2020-08-17,614320,1,4.02,5.79,11.2,1396,174.4,136.8,4.02,16.758,5.46,14.73
2020-08-17,23177662,2,9.04,6.1,82.3,3309,80.5,145.8,5.02,42.313,5.68,36.5
2020-08-24,13419295,1,12.12,5.14,406.9,3734,184.6,156.2,12.12,51.162,4.81,10.03
2020-08-24,32658279,1,10.08,5.92,39.7,3578,83.2,141.6,10.08,44.457,5.89,16.28
2020-08-24,27736141,4,28.09,6.0,106.0,10108,168.9,155.2,10.02,137.681,6.0,31.06
2020-08-24,614320,2,14.73,5.46,42.8,4829,175.2,136.8,7.54,57.968,5.59,7.5
2020-08-24,23177662,6,36.5,5.68,230.7,12435,80.5,145.8,10.32,159.01,6.31,34.15
2020-08-31,32658279,2,16.28,5.89,66.4,5756,83.2,141.6,10.07,71.519,6.01,10.19
2020-08-31,27736141,3,31.06,6.0,142.0,11176,167.1,153.2,16.01,149.991,6.35,46.26
2020-08-31,614320,1,7.5,5.59,19.0,2516,174.8,136.8,7.5,30.203,5.56,31.9
2020-08-31,23177662,6,34.15,6.31,381.2,12929,80.5,145.8,15.02,165.327,5.63,18.24
2020-09-07,32658279,1,10.19,6.01,41.7,3673,83.2,141.6,10.19,45.637,6.05,35.35
2020-09-07,27736141,5,46.26,6.35,68.0,17636,164.2,147.5,16.16,228.08,6.29,29.28
2020-09-07,614320,4,31.9,5.56,102.2,10649,175.1,136.8,8.34,127.833,5.52,39.6
2020-09-07,23177662,3,18.24,5.63,178.4,6160,80.5,145.8,10.1,78.77,6.66,4.02
2020-09-14,32658279,3,35.35,6.05,132.0,12836,83.2,141.6,15.03,159.489,6.06,13.05
2020-09-14,27736141,3,29.28,6.29,65.4,11048,163.5,150.6,14.01,146.723,6.56,56.63
2020-09-14,614320,5,39.6,5.52,111.8,13115,176.0,136.8,8.3,157.436,5.6,25.81
2020-09-14,23177662,1,4.02,6.66,30.2,1606,80.5,145.8,4.02,20.536,6.02,10.06
2020-09-21,32658279,2,13.05,6.06,57.5,4744,83.2,141.6,6.84,58.945,6.01,8.32
2020-09-21,27736141,5,56.63,6.56,53.1,22283,163.8,148.9,24.01,289.148,6.46,71.19
2020-09-21,614320,3,25.81,5.6,82.4,8665,176.1,136.8,9.29,104.017,5.65,44.93
2020-09-28,13419295,1,10.03,4.81,160.0,2892,189.6,148.9,10.03,37.778,5.06,5.25
2020-09-28,32658279,2,8.32,6.01,33.0,3000,83.2,141.6,8.04,37.275,5.9,23.08
2020-09-28,27736141,5,71.19,6.46,82.0,27581,164.1,145.1,32.02,352.382,6.59,61.14
2020-09-28,614320,5,44.93,5.65,222.2,15227,174.2,136.8,13.12,182.789,5.5,43.42
2020-09-28,23177662,2,10.06,6.02,99.0,3633,80.5,145.8,5.04,46.456,6.64,37.04
2020-10-05,32658279,2,23.08,5.9,93.2,8176,83.2,141.6,15.1,101.588,5.89,7.09
2020-10-05,27736141,4,61.14,6.59,117.7,24172,163.9,143.7,30.02,308.019,6.49,60.16
2020-10-05,614320,4,43.42,5.5,118.2,14316,175.6,136.8,15.98,171.853,5.27,38.3
2020-10-05,23177662,4,37.04,6.64,125.9,14763,80.5,145.8,25.01,188.779,6.55,23.22
2020-10-12,32658279,1,7.09,5.89,28.0,2503,83.2,141.6,7.09,31.1,6.23,7.29
2020-10-12,27736141,4,60.16,6.49,41.3,23426,164.4,149.4,30.06,305.478,6.64,68.34
2020-10-12,614320,5,38.3,5.27,79.6,12118,176.2,136.8,11.19,145.467,5.18,10.61
2020-10-12,23177662,5,23.22,6.55,318.0,9119,80.5,145.8,6.07,116.607,6.39,24.11
2020-10-19,32658279,1,7.29,6.23,27.1,2728,83.2,141.6,7.29,33.896,6.32,27.08
2020-10-19,27736141,4,68.34,6.64,48.8,27214,164.1,148.8,42.23,353.583,6.27,10.04
2020-10-19,614320,2,10.61,5.18,24.2,3299,175.6,136.8,5.31,39.602,5.41,21.83
2020-10-19,23177662,5,24.11,6.39,508.3,9241,80.5,145.8,5.03,118.167,5.85,41.61
2020-10-26,27736141,2,10.04,6.27,45.2,3777,165.0,149.2,5.03,49.39,5.97,15.03
2020-10-26,614320,3,21.83,5.41,84.6,7083,175.5,136.8,11.22,85.026,5.41,25.35
2020-10-26,23177662,5,41.61,5.85,275.4,14616,80.5,145.8,11.12,186.899,5.59,60.66
2020-11-02,32658279,2,27.08,6.32,66.3,10265,83.2,141.6,14.03,127.544,5.59,7.19
2020-11-02,27736141,3,15.03,5.97,74.3,5381,168.9,154.6,7.01,73.439,6.18,15.04
2020-11-02,614320,3,25.35,5.41,47.4,8234,174.6,136.8,12.64,98.843,5.53,39.2
2020-11-02,23177662,7,60.66,5.59,239.7,20361,80.5,145.8,13.06,260.362,5.94,25.22
2020-11-09,32658279,1,7.19,5.59,20.0,2413,83.2,141.6,7.19,29.982,6.25,21.03
2020-11-09,27736141,2,15.04,6.18,94.0,5575,167.4,154.3,10.04,76.173,6.39,29.39
2020-11-09,614320,5,39.2,5.53,107.6,13018,173.5,136.8,11.98,156.271,5.48,45.8
2020-11-09,23177662,2,25.22,5.94,152.1,8986,80.5,145.8,21.13,114.906,5.87,23.06
2020-11-16,32658279,1,21.03,6.25,30.5,7890,83.2,141.6,21.03,98.034,6.47,15.47
2020-11-16,27736141,3,29.39,6.39,263.0,11275,163.5,152.1,10.04,150.435,6.67,42.02
2020-11-16,614320,5,45.8,5.48,87.6,15062,174.2,136.8,13.21,180.808,5.45,16.51
2020-11-16,23177662,4,23.06,5.87,144.7,8129,80.5,145.8,10.02,103.948,6.33,14.17
2020-11-23,13419295,1,5.25,5.06,41.6,1593,182.0,153.8,5.25,21.492,9.22,4.63
2020-11-23,32658279,2,15.47,6.47,54.7,6009,83.2,141.6,9.34,74.662,7.39,15.69
2020-11-23,27736141,6,42.02,6.67,120.7,16825,165.7,151.2,12.02,219.873,6.45,10.02
2020-11-23,614320,2,16.51,5.45,28.0,5398,174.9,136.8,11.2,64.799,5.33,32.62
2020-11-23,23177662,4,14.17,6.33,216.6,5379,80.5,145.8,5.01,68.783,5.91,34.25
2020-11-30,27736141,1,10.02,6.45,9.3,3879,162.6,152.3,10.02,51.822,5.93,15.03
2020-11-30,614320,5,32.62,5.33,79.4,10429,174.8,136.8,11.4,125.192,5.35,10.6
2020-11-30,23177662,5,34.25,5.91,320.0,12139,80.5,145.8,21.13,155.225,5.91,9.02
2020-12-07,32658279,2,15.69,7.39,44.2,6954,83.2,141.6,8.3,86.404,6.38,15.05
2020-12-07,27736141,2,15.03,5.93,50.6,5344,166.3,163.5,10.01,76.568,6.25,27.36
2020-12-07,614320,2,10.6,5.35,21.4,3403,174.6,136.8,5.3,40.85,5.45,14.6
2020-12-07,23177662,2,9.02,5.91,166.4,3199,80.5,145.8,5.01,40.907,5.23,5.02
2020-12-14,27736141,3,27.36,6.25,59.0,10262,168.6,158.8,16.03,142.027,6.01,16.03
2020-12-14,614320,2,14.6,5.45,39.8,4772,175.6,136.8,9.29,57.284,5.64,7.32
2020-12-14,23177662,2,5.02,5.23,38.7,1577,80.5,145.8,3.01,20.166,6.53,13.1
2020-12-21,32658279,1,15.05,6.38,65.5,5763,83.2,141.6,15.05,71.606,5.91,7.36
2020-12-21,27736141,1,16.03,6.01,16.3,5777,168.6,162.3,16.03,82.246,6.17,21.58
2020-12-21,23177662,3,13.1,6.53,230.3,5131,80.5,145.8,5.05,65.612,5.65,31.47
2020-12-28,32658279,1,7.36,5.91,24.0,2610,83.2,141.6,7.36,32.429,6.44,21.49
2020-12-28,27736141,3,21.58,6.17,123.1,7988,165.5,158.5,10.66,111.202,5.85,32.46
2020-12-28,23177662,4,31.47,5.65,101.7,10670,80.5,145.8,11.01,136.44,6.2,12.04
2021-01-04,32658279,2,21.49,6.44,66.5,8303,83.2,141.6,14.2,103.166,5.25,5.64
2021-01-04,27736141,5,32.46,5.85,145.9,11384,168.2,157.5,12.35,156.928,6.36,27.07
2021-01-04,23177662,4,12.04,6.2,165.2,4480,80.5,145.8,4.01,57.287,5.87,15.05
2021-01-11,32658279,1,5.64,5.25,14.5,1775,83.2,141.6,5.64,22.055,6.59,8.28
2021-01-11,27736141,4,27.07,6.36,134.9,10329,164.3,151.4,12.01,137.813,6.11,34.78
2021-01-11,23177662,4,15.05,5.87,150.6,5302,80.5,145.8,5.02,67.798,6.31,11.1
2021-01-18,32658279,1,8.28,6.59,29.3,3274,83.2,141.6,8.28,40.68,5.91,24.41
2021-01-18,27736141,4,34.78,6.11,166.7,12744,166.3,154.2,15.04,172.07,6.05,37.54
2021-01-18,23177662,3,11.1,6.31,106.5,4204,80.5,145.8,5.02,53.758,5.43,13.15
2021-01-25,13419295,1,4.63,9.22,45.4,2562,89.7,148.9,4.63,33.467,5.46,13.54
2021-01-25,32658279,3,24.41,5.91,61.3,8651,83.2,141.6,10.06,107.489,5.0,5.06
2021-01-25,27736141,5,37.54,6.05,136.7,13634,166.2,152.0,13.02,181.559,6.32,42.42
2021-01-25,614320,1,7.32,5.64,26.0,2478,173.2,136.8,7.32,29.747,5.27,5.41
2021-01-25,23177662,4,13.15,5.43,108.1,4282,80.5,145.8,5.01,54.755,6.05,26.26
2021-02-01,13419295,2,13.54,5.46,164.8,4434,182.7,154.4,7.52,33.873,4.92,21.59
2021-02-01,32658279,1,5.06,5.0,12.5,1518,83.2,141.6,5.06,18.861,6.27,18.24
2021-02-01,27736141,5,42.42,6.32,130.1,16077,165.0,149.0,14.52,208.51,6.55,36.57
2021-02-01,614320,1,5.41,5.27,70.8,1708,175.6,136.8,5.41,20.503,5.52,5.41
2021-02-01,23177662,7,26.26,6.05,478.8,9530,80.5,145.8,6.01,121.863,4.69,7.02
2021-02-08,13419295,2,21.59,4.92,91.2,6378,182.8,164.6,16.56,91.285,4.51,4.27
2021-02-08,32658279,1,18.24,6.27,62.2,6860,83.2,141.6,18.24,85.236,7.4,13.52
2021-02-08,27736141,7,36.57,6.55,18.3,14373,163.5,147.2,11.02,182.605,6.26,41.83
2021-02-08,614320,1,5.41,5.52,15.8,1792,172.6,136.8,5.41,21.512,5.37,5.41
2021-02-08,23177662,2,7.02,4.69,44.5,1976,80.5,145.8,5.01,25.268,6.18,8.02
2021-02-15,13419295,1,4.27,4.51,30.7,1156,189.4,159.9,4.27,16.214,5.21,10.02
2021-02-15,27736141,4,41.83,6.26,18.4,15711,166.8,148.5,16.01,203.771,6.18,44.33
2021-02-15,614320,1,5.41,5.37,12.0,1743,174.6,136.8,5.41,20.923,5.68,3.51
2021-02-15,23177662,2,8.02,6.18,70.4,2975,80.5,145.8,5.01,38.042,5.84,36.15
2021-02-22,13419295,1,10.02,5.21,46.1,3130,185.0,161.6,10.02,44.369,4.84,20.05
2021-02-22,32658279,1,13.52,7.4,22.4,6003,83.2,141.6,13.52,74.588,5.89,15.86
2021-02-22,27736141,5,44.33,6.18,128.7,16423,165.8,149.3,16.11,213.945,5.89,51.04
2021-02-22,23177662,3,36.15,5.84,215.9,12676,80.5,145.8,21.11,162.092,5.38,15.01
2021-03-01,13419295,2,20.05,4.84,92.4,5822,185.7,165.0,10.03,84.27,4.9,19.89
2021-03-01,32658279,2,15.86,5.89,44.5,5608,83.2,141.6,10.16,69.68,5.4,10.74
2021-03-01,27736141,5,51.04,5.89,51.6,18023,167.7,148.9,15.1,237.283,6.17,40.18
2021-03-01,614320,1,3.51,5.68,6.4,1194,174.2,136.8,3.51,14.333,4.97,5.04
2021-03-01,23177662,2,15.01,5.38,119.1,4845,80.5,145.8,10.01,61.954,6.06,10.02
2021-03-08,32658279,1,10.74,5.4,27.8,3479,83.2,141.6,10.74,43.227,5.43,9.05
2021-03-08,27736141,4,40.18,6.17,56.7,14868,163.5,147.1,16.14,193.223,6.15,42.13
2021-03-08,23177662,2,10.02,6.06,173.3,3645,80.5,145.8,5.01,46.61,5.32,12.07
2021-03-15,13419295,2,19.89,4.9,21.1,5850,183.5,165.2,11.33,84.918,4.78,25.31
2021-03-15,32658279,1,9.05,5.43,22.4,2951,83.2,141.6,9.05,36.666,5.69,8.55
2021-03-15,27736141,4,42.13,6.15,91.2,15556,164.4,150.6,19.03,205.295,6.48,46.57
2021-03-15,614320,1,5.04,4.97,15.2,1503,179.2,136.8,5.04,18.042,5.5,20.86
2021-03-15,23177662,3,12.07,5.32,161.7,3849,80.5,145.8,5.04,49.218,6.06,7.02
2021-03-22,32658279,1,8.55,5.69,18.0,2917,83.2,141.6,8.55,36.244,6.79,16.81
2021-03-22,27736141,6,46.57,6.48,86.6,18105,163.2,144.2,11.07,232.798,7.63,73.45
2021-03-22,614320,3,20.86,5.5,52.8,6885,173.7,136.8,10.04,82.649,5.48,15.43
2021-03-22,23177662,2,7.02,6.06,73.0,2554,80.5,145.8,5.01,32.659,6.39,10.01
2021-03-29,13419295,4,25.31,4.78,181.9,7258,182.9,158.7,10.02,60.967,4.91,36.02
2021-03-29,32658279,2,16.81,6.79,288.9,6853,83.2,141.6,10.25,85.149,5.12,9.15
2021-03-29,27736141,5,73.45,7.63,299.4,33620,166.2,150.6,50.01,408.24,6.01,48.34
2021-03-29,614320,3,15.43,5.48,34.4,5072,178.5,136.8,5.41,60.886,5.32,18.02
2021-03-29,23177662,1,10.01,6.39,83.2,3835,80.5,145.8,10.01,49.039,5.94,8.12
2021-04-05,13419295,5,36.02,4.91,258.9,10622,184.0,153.4,10.02,117.79,4.8,15.03
2021-04-05,27736141,6,48.34,6.01,124.0,17428,167.2,152.8,11.64,230.445,5.82,35.13
2021-04-05,614320,3,18.02,5.32,38.4,5752,177.8,136.8,7.6,69.048,5.43,23.33
2021-04-05,23177662,2,8.12,5.94,92.8,2894,80.5,145.8,5.01,37.006,5.57,18.05
2021-04-12,13419295,3,15.03,4.8,108.0,4329,186.8,154.9,5.01,58.718,4.95,5.02
2021-04-12,32658279,2,9.15,5.12,25.8,2810,83.2,141.6,5.03,34.915,4.95,5.02
2021-04-12,27736141,3,35.13,5.82,31.4,12269,169.7,154.1,16.52,163.518,5.81,52.95
2021-04-12,614320,3,23.33,5.43,74.8,7601,176.3,136.8,10.13,91.244,5.42,44.6
2021-04-12,23177662,2,18.05,5.57,167.6,6026,80.5,145.8,10.01,77.056,6.54,10.02
2021-04-19,27736141,5,52.95,5.81,121.8,18471,170.2,153.1,13.51,246.46,5.88,40.86
2021-04-19,614320,6,44.6,5.42,132.4,14506,177.1,136.8,13.39,174.134,5.49,25.54
2021-04-19,23177662,2,10.02,6.54,203.0,3932,80.5,145.8,5.01,50.28,6.41,10.06
2021-04-26,32658279,1,5.02,4.95,12.5,1492,83.2,141.6,5.02,18.538,4.89,5.09
2021-04-26,27736141,4,40.86,5.88,89.8,14422,166.8,149.2,21.11,192.128,5.71,37.27
2021-04-26,614320,4,25.54,5.49,53.0,8411,175.4,136.8,8.21,100.968,5.51,26.4
2021-05-03,32658279,1,5.09,4.89,12.5,1493,83.2,141.6,5.09,18.551,5.08,5.05
2021-05-03,27736141,5,37.27,5.71,189.7,12767,172.7,152.6,12.09,170.549,6.52,20.51
2021-05-03,614320,7,26.4,5.51,83.8,8733,171.0,136.8,8.0,104.833,5.51,33.07
2021-05-03,23177662,2,10.06,6.41,206.9,3870,80.5,145.8,5.04,49.487,6.17,15.05
2021-05-10,32658279,1,5.05,5.08,12.5,1538,83.2,141.6,5.05,19.11,6.04,21.5
2021-05-10,27736141,4,20.51,6.52,88.8,8026,167.7,147.8,8.07,103.721,6.2,32.07
2021-05-10,614320,4,33.07,5.51,102.8,10929,174.2,136.8,13.5,131.194,5.36,31.57
2021-05-17,27736141,3,32.07,6.2,139.5,11920,164.7,151.0,10.74,157.876,5.89,12.03
2021-05-17,614320,6,31.57,5.36,79.4,10161,175.0,136.8,11.3,121.975,5.34,26.82
2021-05-17,23177662,3,15.05,6.17,142.9,5575,80.5,145.8,5.03,71.289,6.47,5.01
2021-05-24,32658279,2,21.5,6.04,63.6,7796,83.2,141.6,11.35,96.866,5.91,8.71
2021-05-24,27736141,1,12.03,5.89,44.5,4247,170.6,155.2,12.03,57.819,5.8,3.01
2021-05-24,614320,3,26.82,5.34,89.6,8595,174.0,136.8,10.46,103.176,5.36,57.67
2021-05-24,23177662,1,5.01,6.47,120.8,1945,80.5,145.8,5.01,24.871,6.0,9.07
2021-05-31,32658279,1,8.71,5.91,26.1,3087,83.2,141.6,8.71,38.356,6.2,21.34
2021-05-31,27736141,1,3.01,5.8,11.0,1049,171.8,159.0,3.01,14.631,5.55,9.01
2021-05-31,614320,6,57.67,5.36,70.0,18541,174.4,148.8,14.41,245.379,5.51,55.49
2021-06-07,13419295,1,5.02,4.95,29.2,1490,182.0,148.9,5.02,19.464,5.02,25.36
2021-06-07,32658279,1,21.34,6.2,78.1,7939,83.2,141.6,21.34,98.643,6.19,18.93
2021-06-07,27736141,2,9.01,5.55,57.0,2999,173.7,165.9,5.0,43.712,5.86,20.05
2021-06-07,614320,5,55.49,5.51,51.0,18344,173.4,148.8,15.61,241.855,5.53,47.61
2021-06-07,23177662,3,9.07,6.0,85.7,3263,80.5,145.8,3.03,41.725,6.73,10.01
2021-06-14,13419295,6,25.36,5.02,157.7,7631,177.1,148.9,5.1,99.684,4.94,35.13
2021-06-14,32658279,2,18.93,6.19,61.2,7028,83.2,141.6,10.03,87.324,4.98,5.06
2021-06-14,27736141,3,20.05,5.86,69.2,7052,171.7,168.8,10.02,104.12,5.96,21.64
2021-06-14,614320,5,47.61,5.53,69.0,15806,176.8,147.6,10.71,205.529,5.68,56.19
2021-06-21,13419295,5,35.13,4.94,209.9,10403,182.9,148.9,10.03,135.895,4.96,10.07
2021-06-21,32658279,1,5.06,4.98,12.5,1511,83.2,141.6,5.06,18.774,10.27,3.64
2021-06-21,27736141,3,21.64,5.96,54.7,7744,169.6,159.8,10.02,108.743,5.96,39.31
2021-06-21,614320,5,56.19,5.68,54.0,19157,178.4,149.5,21.32,256.015,5.49,46.44
2021-06-21,23177662,1,10.01,6.73,202.1,4041,80.5,145.8,10.01,51.673,5.11,11.7
2021-06-28,27736141,5,39.31,5.96,36.3,14055,170.0,155.4,16.04,191.233,6.05,45.93
2021-06-28,614320,8,46.44,5.49,58.0,15299,178.1,137.2,22.41,180.286,5.21,57.82
2021-06-28,23177662,3,11.7,5.11,15.5,3586,80.5,145.8,5.01,45.855,5.14,3.01
2021-07-05,7211094,1,5.4,4.23,14.7,1370,86.3,193.6,5.4,23.266,4.79,4.33
2021-07-05,32658279,1,3.64,10.27,10.3,2239,83.2,141.6,3.64,27.82,7.62,13.14
2021-07-05,27736141,5,45.93,6.05,44.7,16678,168.5,151.0,19.02,218.483,6.13,53.55
2021-07-05,614320,7,57.82,5.21,78.0,18080,178.1,151.2,11.31,239.234,5.63,34.27
2021-07-05,23177662,1,3.01,5.14,27.3,929,80.5,145.8,3.01,11.879,5.61,3.01
2021-07-12,7211094,1,4.33,4.79,4.4,1243,86.3,177.9,4.33,19.397,4.37,5.2
2021-07-12,27736141,5,53.55,6.13,54.0,19685,167.6,149.2,21.01,256.671,6.07,60.92
2021-07-12,614320,3,34.27,5.63,35.0,11571,176.3,154.4,14.13,157.596,5.32,51.17
2021-07-12,23177662,1,3.01,5.61,19.1,1014,80.5,145.8,3.01,12.966,5.65,5.01
2021-07-19,13419295,2,10.07,4.96,178.1,2995,181.4,148.9,5.05,39.124,5.41,3.81
2021-07-19,32658279,1,13.14,7.62,55.2,6009,83.2,141.6,13.14,74.662,6.47,15.11
2021-07-19,27736141,6,60.92,6.07,73.9,22182,167.1,147.8,24.38,292.869,5.98,66.49
2021-07-19,614320,5,51.17,5.32,59.0,16343,175.7,143.7,22.21,204.129,5.58,42.94
2021-07-19,23177662,1,5.01,5.65,26.1,1699,80.5,145.8,5.01,21.726,6.08,46.24
2021-07-26,13419295,1,3.81,5.41,67.6,1238,180.8,148.9,3.81,16.172,6.51,5.32
2021-07-26,32658279,1,15.11,6.47,64.5,5865,83.2,141.6,15.11,72.873,6.5,29.56
2021-07-26,27736141,6,66.49,5.98,73.8,23874,169.2,147.6,25.19,311.668,5.96,74.44
2021-07-26,614320,3,42.94,5.58,28.0,14368,172.7,135.7,22.02,169.702,5.78,42.15
2021-08-02,13419295,1,5.32,6.51,93.0,2079,177.6,148.9,5.32,27.158,5.24,10.1
2021-08-02,27736141,6,74.44,5.96,153.4,26625,169.6,145.6,29.08,343.572,6.03,83.06
2021-08-02,614320,4,42.15,5.78,56.0,14614,174.5,148.9,15.11,197.27,5.39,33.03
2021-08-02,23177662,4,46.24,6.08,167.7,16862,80.5,145.8,21.18,215.619,6.61,5.07
2021-08-09,7211094,1,5.2,4.37,9.8,1362,86.3,172.6,5.2,20.621,4.35,5.36
2021-08-09,32658279,2,29.56,6.5,121.5,11524,83.2,141.6,18.31,143.187,6.71,50.52
2021-08-09,27736141,7,83.06,6.03,141.4,30028,168.8,143.3,21.71,378.688,6.21,78.41
2021-08-09,614320,3,33.03,5.39,64.0,10683,175.0,157.2,15.11,146.9,5.37,20.62
2021-08-09,23177662,1,5.07,6.61,87.1,2011,80.5,145.8,5.07,25.715,6.77,5.01
2021-08-16,7211094,1,5.36,4.35,11.5,1400,86.3,182.1,5.36,22.363,4.59,5.16
2021-08-16,32658279,4,50.52,6.71,208.0,20335,83.2,141.6,16.16,252.664,7.09,39.33
2021-08-16,27736141,5,78.41,6.21,78.2,29193,167.1,144.3,24.05,369.558,5.88,79.33
2021-08-16,614320,2,20.62,5.37,29.0,6650,175.5,145.1,15.21,82.361,5.1,10.82
2021-08-16,23177662,1,5.01,6.77,97.4,2035,80.5,145.8,5.01,26.022,6.47,5.01
2021-08-23,7211094,1,5.16,4.59,10.9,1421,86.3,184.7,5.16,23.023,4.88,29.25
2021-08-23,27736141,5,79.33,5.88,67.4,28004,169.8,146.2,35.02,353.269,5.77,89.79
2021-08-23,614320,2,10.82,5.1,10.0,3314,176.6,136.9,5.42,39.807,5.3,65.9
2021-08-23,23177662,1,5.01,6.47,77.6,1944,80.5,145.8,5.01,24.858,6.18,15.02
2021-08-30,7211094,4,29.25,4.88,71.5,8570,86.3,175.9,10.16,132.697,4.75,35.71
2021-08-30,27736141,5,89.79,5.77,71.7,31087,171.3,146.5,35.05,399.418,5.71,84.95
2021-08-30,614320,6,65.9,5.3,117.0,20958,175.8,144.5,21.21,268.109,5.16,28.94
2021-08-30,23177662,2,15.02,6.18,42.3,5571,80.5,145.8,10.01,71.238,5.21,2.01
2021-09-06,7211094,5,35.71,4.75,86.9,10166,86.3,170.2,10.4,152.507,4.78,44.61
2021-09-06,27736141,5,84.95,5.71,85.2,29107,173.3,147.3,30.03,373.657,5.66,58.87
2021-09-06,614320,3,28.94,5.16,48.0,8960,175.4,147.7,12.41,114.787,5.19,74.19
2021-09-06,23177662,1,2.01,5.21,2.3,628,80.5,145.8,2.01,8.03,6.12,23.12
2021-09-13,13419295,2,10.1,5.24,60.6,3175,178.9,148.9,5.06,41.475,4.82,10.04
2021-09-13,7211094,6,44.61,4.78,107.2,12807,86.3,167.4,11.21,187.614,4.74,42.12
2021-09-13,32658279,2,39.33,7.09,129.3,16734,83.2,141.6,24.27,207.922,6.2,32.32
2021-09-13,27736141,5,58.87,5.66,45.2,19995,173.1,145.3,21.12,257.238,5.62,56.29
2021-09-13,614320,7,74.19,5.19,177.0,23119,176.4,148.8,21.52,314.719,5.1,17.09
2021-09-13,23177662,2,23.12,6.12,47.5,8497,80.5,145.8,21.11,108.653,6.82,5.02
2021-09-20,13419295,2,10.04,4.82,59.1,2905,183.3,148.9,5.03,37.948,5.47,20.1
2021-09-20,7211094,6,42.12,4.74,81.5,11985,86.3,166.7,9.57,175.143,4.8,51.63
2021-09-20,32658279,2,32.32,6.2,102.0,12016,83.2,141.6,21.27,149.3,7.16,30.18
2021-09-20,27736141,5,56.29,5.62,82.9,18966,173.4,148.7,16.01,247.448,5.97,66.7
2021-09-20,614320,3,17.09,5.1,22.0,5226,177.3,148.8,9.27,68.543,4.9,21.45
2021-09-27,7211094,7,51.63,4.8,84.1,14877,86.3,164.6,12.68,213.419,4.71,54.15
2021-09-27,32658279,1,30.18,7.16,47.3,12966,83.2,141.6,30.18,161.104,6.87,49.62
2021-09-27,27736141,5,66.7,5.97,50.7,23889,169.8,146.2,42.23,311.564,5.21,3.09
2021-09-27,614320,3,21.45,4.9,21.0,6305,177.5,143.6,11.02,78.945,5.41,21.43
2021-09-27,23177662,1,5.02,6.82,8.9,2054,80.5,145.8,5.02,26.265,5.39,10.01
2021-10-04,7211094,7,54.15,4.71,126.9,15299,86.3,162.4,11.75,217.493,4.67,40.41
2021-10-04,32658279,3,49.62,6.87,189.3,20449,83.2,141.6,33.35,254.081,6.18,48.74
2021-10-04,27736141,1,3.09,5.21,4.6,966,173.8,150.1,3.09,12.719,5.67,29.75
2021-10-04,614320,2,21.43,5.41,29.0,6955,172.9,144.4,11.01,88.201,5.22,5.41
2021-10-11,7211094,5,40.41,4.67,93.5,11320,86.3,159.5,10.12,158.909,4.54,35.2
2021-10-11,32658279,3,48.74,6.18,188.1,18068,83.2,141.6,24.6,224.497,6.56,54.62
2021-10-11,27736141,4,29.75,5.67,32.4,10117,172.7,150.4,11.02,134.13,5.72,44.63
2021-10-11,614320,1,5.41,5.22,43.0,1694,173.6,160.1,5.41,23.79,5.18,40.56
2021-10-11,23177662,1,10.01,5.39,121.8,3239,80.5,145.8,10.01,41.418,5.13,6.17
2021-10-18,13419295,4,20.1,5.47,119.8,6601,177.9,148.9,5.04,86.229,5.22,5.02
2021-10-18,7211094,5,35.2,4.54,64.0,9579,86.3,161.0,9.61,135.24,4.56,32.03
2021-10-18,32658279,4,54.62,6.56,151.5,21493,83.2,141.6,28.33,267.053,6.92,39.78
2021-10-18,27736141,5,44.63,5.72,52.2,15326,171.0,149.7,16.02,202.447,6.19,46.21
2021-10-18,614320,4,40.56,5.18,75.0,12610,174.5,150.0,21.11,164.874,5.43,20.61
2021-10-18,23177662,2,6.17,5.13,68.7,1897,80.5,145.8,5.01,24.257,6.04,20.05
2021-10-25,13419295,1,5.02,5.22,36.1,1573,178.4,148.9,5.02,20.548,5.21,5.67
2021-10-25,7211094,3,32.03,4.56,67.9,8760,86.3,173.2,12.29,133.243,4.52,25.6
2021-10-25,32658279,3,39.78,6.92,419.6,16511,83.2,141.6,26.02,205.151,6.37,52.45
2021-10-25,27736141,5,46.21,6.19,62.1,17156,170.8,146.5,20.04,214.928,5.72,60.7
2021-10-25,614320,2,20.61,5.43,32.0,6720,175.4,143.8,15.6,85.836,4.91,29.03
2021-10-25,23177662,4,20.05,6.04,169.7,7268,80.5,145.8,5.02,92.938,5.64,7.22
2021-11-01,13419295,1,5.67,5.21,54.0,1774,181.8,148.9,5.67,23.174,5.17,17.96
2021-11-01,7211094,5,25.6,4.52,55.8,6946,86.3,162.2,10.21,98.809,4.42,32.4
2021-11-01,32658279,4,52.45,6.37,138.1,20042,83.2,141.6,30.03,249.024,6.46,59.93
2021-11-01,27736141,5,60.7,5.72,140.5,20822,171.6,150.4,20.03,274.662,6.04,51.17
2021-11-01,614320,3,29.03,4.91,102.0,8545,176.1,152.7,13.01,115.119,5.17,16.12
2021-11-08,13419295,2,17.96,5.17,74.3,5577,180.4,148.9,11.62,72.852,4.97,18.27
2021-11-08,7211094,4,32.4,4.42,53.4,8591,86.3,171.1,14.16,129.389,4.31,14.79
2021-11-08,32658279,4,59.93,6.46,152.0,23240,83.2,141.6,33.16,288.759,6.36,58.32
2021-11-08,27736141,6,51.17,6.04,64.1,18535,168.9,145.8,10.37,237.125,7.15,56.67
2021-11-08,614320,2,16.12,5.17,47.0,5000,174.0,143.7,11.11,64.914,5.15,35.74
2021-11-08,23177662,2,7.22,5.64,57.2,2444,80.5,145.8,5.01,31.252,6.57,21.11
2021-11-15,13419295,2,18.27,4.97,90.8,5452,181.3,148.9,12.25,71.22,5.98,16.01
2021-11-15,7211094,3,14.79,4.31,28.9,3826,86.3,163.4,8.03,56.176,4.31,30.15
2021-11-15,32658279,3,58.32,6.36,129.9,22257,83.2,141.6,36.04,276.545,5.92,30.8
2021-11-15,27736141,6,56.67,7.15,73.4,24307,164.8,140.1,21.11,293.494,5.73,10.4
2021-11-15,614320,3,35.74,5.15,157.0,11045,174.3,145.7,13.01,140.536,5.1,25.31
2021-11-15,23177662,1,21.11,6.57,154.0,8319,80.5,145.8,21.11,106.377,6.02,18.01
2021-11-22,13419295,2,16.01,5.98,103.3,5744,141.6,148.9,12.0,75.034,5.02,25.25
2021-11-22,7211094,4,30.15,4.31,72.6,7800,86.3,173.3,9.98,119.105,4.46,28.12
2021-11-22,32658279,4,30.8,5.92,97.8,10937,83.2,141.6,15.65,135.893,6.54,16.02
2021-11-22,27736141,2,10.4,5.73,10.2,3577,169.6,144.9,5.37,45.316,5.75,44.48
2021-11-22,614320,2,25.31,5.1,106.0,7739,174.4,146.5,13.1,99.845,5.18,5.41
2021-11-22,23177662,2,18.01,6.02,198.2,6506,80.5,145.8,15.01,83.194,5.66,21.12
2021-11-29,13419295,3,25.25,5.02,60.3,7605,180.7,153.1,15.07,102.598,5.81,25.1
2021-11-29,7211094,6,28.12,4.46,58.4,7534,86.3,165.2,5.89,109.863,4.56,21.33
2021-11-29,32658279,1,16.02,6.54,43.6,6283,83.2,141.6,16.02,78.067,6.41,43.42
2021-11-29,27736141,6,44.48,5.75,110.7,15349,169.0,150.3,10.71,204.322,5.78,18.55
2021-11-29,614320,1,5.41,5.18,7.0,1681,173.6,135.6,5.41,19.995,5.69,10.31
2021-11-29,23177662,1,21.12,5.66,39.6,7172,80.5,145.8,21.12,91.71,4.71,5.01
2021-12-06,13419295,3,25.1,5.81,158.9,8750,166.6,140.5,15.09,84.203,4.82,18.64
2021-12-06,7211094,3,21.33,4.56,33.7,5837,86.3,166.9,10.13,85.16,4.41,7.01
2021-12-06,32658279,1,43.42,6.41,168.1,16707,83.2,141.6,43.42,207.586,10.15,5.46
2021-12-06,27736141,3,18.55,5.78,12.9,6427,168.5,153.1,8.04,86.76,5.64,28.37
2021-12-06,23177662,1,5.01,4.71,56.1,1414,80.5,145.8,5.01,18.081,5.07,10.11
2021-12-13,13419295,2,18.64,4.82,13.2,5392,184.2,151.8,15.11,70.345,5.49,19.95
2021-12-13,7211094,1,7.01,4.41,15.3,1853,86.3,170.9,7.01,27.779,4.66,38.32
2021-12-13,32658279,1,5.46,10.15,13.0,3323,83.2,141.6,5.46,41.289,5.72,8.15
2021-12-13,614320,1,10.31,5.69,11.0,3519,175.0,143.7,10.31,44.358,5.55,21.75
2021-12-13,23177662,1,10.11,5.07,118.0,3077,80.5,145.8,10.11,39.346,5.48,45.09
2021-12-20,13419295,3,19.95,5.49,113.6,6567,170.7,136.9,10.14,63.739,5.09,22.01
2021-12-20,7211094,5,38.32,4.66,190.8,10712,86.3,176.6,10.03,128.12,4.54,27.01
2021-12-20,27736141,3,28.37,5.64,117.9,9606,171.0,159.6,10.82,134.685,5.93,53.48
2021-12-20,614320,3,21.75,5.55,30.0,7239,169.4,138.3,11.31,88.713,5.2,17.57
2021-12-20,23177662,6,45.09,5.48,186.8,14825,80.5,145.8,15.01,189.571,5.65,13.4
2021-12-27,13419295,1,22.01,5.09,30.6,6721,181.4,154.4,22.01,91.028,5.12,28.38
2021-12-27,7211094,4,27.01,4.54,198.6,7361,86.3,161.9,10.22,104.91,4.5,7.07
2021-12-27,32658279,1,8.15,5.72,74.9,2797,83.2,141.6,8.15,34.753,6.35,17.31
2021-12-27,27736141,5,53.48,5.93,148.7,19028,169.5,156.8,21.12,261.834,5.87,52.8
2021-12-27,614320,2,17.57,5.2,45.0,5481,173.6,143.6,11.41,69.385,5.14,21.88
2021-12-27,23177662,2,13.4,5.65,45.0,4540,80.5,145.8,10.28,58.054,6.08,13.01
2022-01-03,13419295,2,28.38,5.12,194.8,8723,185.3,158.4,24.24,120.211,4.84,40.05
2022-01-03,7211094,1,7.07,4.5,13.9,1909,86.3,167.9,7.07,28.116,4.64,34.1
2022-01-03,32658279,2,17.31,6.35,47.7,6596,83.2,141.6,9.35,81.956,5.54,23.33
2022-01-03,27736141,6,52.8,5.87,184.0,18590,168.5,152.9,21.67,248.349,5.71,39.36
2022-01-03,614320,3,21.88,5.14,29.0,6744,174.7,141.4,11.42,83.346,5.19,13.02
2022-01-03,23177662,2,13.01,6.08,72.8,4748,80.5,145.8,7.0,60.714,5.67,59.19
2022-01-10,13419295,3,40.05,4.84,38.0,11618,184.0,160.9,25.01,105.319,4.26,5.05
2022-01-10,7211094,4,34.1,4.64,100.7,9493,86.3,164.3,14.86,135.972,4.53,18.31
2022-01-10,32658279,3,23.33,5.54,86.7,7750,83.2,141.6,13.06,96.294,6.23,21.55
2022-01-10,27736141,5,39.36,5.71,133.1,13481,168.7,151.5,16.05,181.834,5.66,41.86
2022-01-10,614320,2,13.02,5.19,19.0,4053,173.3,134.5,7.61,47.918,5.81,46.73
2022-01-10,23177662,5,59.19,5.67,285.0,20152,80.5,145.8,21.12,257.689,5.26,36.23
2022-01-17,13419295,1,5.05,4.26,36.3,1291,185.2,148.9,5.05,16.864,4.72,18.22
2022-01-17,7211094,3,18.31,4.53,33.9,4979,86.3,167.0,7.27,73.103,4.62,29.64
2022-01-17,32658279,3,21.55,6.23,58.2,8061,83.2,141.6,10.33,100.159,5.45,13.09
2022-01-17,27736141,5,41.86,5.66,164.9,14212,168.2,150.5,21.19,190.671,5.67,38.04
2022-01-17,614320,6,46.73,5.81,140.0,16283,174.0,137.6,13.11,195.297,5.44,19.04
2022-01-17,23177662,3,36.23,5.26,311.6,11434,80.5,145.8,21.19,146.21,5.69,21.11
2022-01-24,13419295,3,18.22,4.72,64.4,5159,183.3,136.7,10.02,35.182,4.68,11.28
2022-01-24,7211094,5,29.64,4.62,55.0,8209,86.3,160.8,10.16,116.409,4.62,29.95
2022-01-24,98093514,6,27.44,10.92,56.3,17976,118.9,160.6,7.27,253.312,8.56,64.59
2022-01-24,32658279,1,13.09,5.45,46.4,4281,83.2,141.6,13.09,53.192,6.11,25.67
2022-01-24,27736141,5,38.04,5.67,92.2,12945,168.2,154.4,10.02,175.753,5.87,15.74
2022-01-24,614320,2,19.04,5.44,32.0,6214,173.8,146.0,13.61,79.23,4.96,43.97
2022-01-24,23177662,1,21.11,5.69,133.8,7205,80.5,145.8,21.11,92.132,6.36,22.88
2022-01-31,13419295,2,11.28,4.68,23.3,3163,181.2,151.6,6.26,24.322,4.39,16.04
2022-01-31,7211094,5,29.95,4.62,55.1,8297,86.3,160.9,10.36,118.945,4.61,29.5
2022-01-31,98093514,7,64.59,8.56,80.0,33179,122.6,160.6,11.27,467.548,9.24,42.46
2022-01-31,32658279,3,25.67,6.11,91.4,9419,83.2,141.6,12.38,117.032,5.23,22.57
2022-01-31,27736141,3,15.74,5.87,35.9,5539,168.3,146.4,5.38,71.054,5.79,45.8
2022-01-31,614320,5,43.97,4.96,121.0,13081,177.0,141.8,13.11,162.883,5.21,40.05
2022-01-31,23177662,3,22.88,6.36,259.4,8725,80.5,145.8,12.81,111.569,5.17,17.53
2022-02-07,13419295,2,16.04,4.39,2.1,4221,185.4,148.9,10.02,55.139,4.53,20.08
2022-02-07,7211094,5,29.5,4.61,55.2,8157,86.3,163.6,8.01,117.099,4.68,35.34
2022-02-07,98093514,6,42.46,9.24,37.7,23531,124.3,130.7,10.26,40.253,10.26,8.19
2022-02-07,32658279,3,22.57,5.23,20.4,7089,83.2,141.6,12.22,88.081,5.83,13.48
2022-02-07,27736141,8,45.8,5.79,52.9,15899,169.4,149.2,15.42,211.024,5.37,34.2
2022-02-07,614320,4,40.05,5.21,65.0,12511,175.3,141.4,12.21,152.678,4.97,62.48
2022-02-07,23177662,2,17.53,5.17,84.6,5440,80.5,145.8,12.5,69.563,4.74,25.03
2022-02-14,13419295,2,20.08,4.53,13.3,5458,184.0,173.9,10.06,39.295,4.1,5.02
2022-02-14,7211094,6,35.34,4.68,72.8,9926,86.3,161.7,8.05,140.286,4.57,12.2
2022-02-14,98093514,1,8.19,10.26,9.0,5042,80.5,128.3,8.19,56.745,10.17,19.79
2022-02-14,32658279,2,13.48,5.83,49.5,4713,83.2,141.6,8.27,58.559,5.6,38.11
2022-02-14,27736141,5,34.2,5.37,79.0,11025,173.4,156.4,10.01,151.802,5.72,43.83
2022-02-14,614320,6,62.48,4.97,133.0,18632,176.6,140.4,22.01,231.437,5.79,34.67
2022-02-14,23177662,3,25.03,4.74,174.6,7114,80.5,145.8,10.02,90.969,5.36,23.24
2022-02-21,13419295,1,5.02,4.1,2.5,1237,188.2,148.9,5.02,16.159,4.48,15.05
2022-02-21,7211094,2,12.2,4.57,120.2,3345,86.3,164.3,7.04,48.245,4.41,23.97
2022-02-21,32658279,4,38.11,5.6,80.6,12794,83.2,141.6,15.29,158.967,6.61,29.0
2022-02-21,27736141,6,43.83,5.72,60.2,15051,170.6,151.3,12.14,177.098,5.8,33.79
2022-02-21,614320,4,34.67,5.79,55.0,12048,173.7,137.5,15.02,142.896,4.97,41.81
2022-02-21,23177662,7,23.24,5.36,437.5,7471,80.5,145.8,5.18,95.534,5.43,23.41
2022-02-28,13419295,2,15.05,4.48,108.2,4043,185.4,148.9,10.02,52.814,4.27,5.02
2022-02-28,7211094,4,23.97,4.41,45.2,6337,86.3,167.8,8.03,93.047,4.47,26.61
2022-02-28,98093514,3,19.79,10.17,22.5,12073,80.5,130.6,6.61,138.255,6.86,3.56
2022-02-28,32658279,4,29.0,6.61,57.7,11495,83.2,141.6,17.29,142.826,6.21,29.19
2022-02-28,27736141,5,33.79,5.8,73.3,11758,167.7,145.4,11.03,150.141,5.94,35.6
2022-02-28,614320,7,41.81,4.97,90.0,12478,174.8,133.5,13.11,149.448,5.0,62.57
2022-02-28,23177662,3,23.41,5.43,199.8,7630,80.5,145.8,11.35,97.567,5.51,8.52
2022-03-07,13419295,1,5.02,4.27,36.0,1285,187.2,148.9,5.02,16.786,4.81,10.01
2022-03-07,7211094,4,26.61,4.47,41.2,7138,86.3,159.8,10.16,82.463,4.53,35.25
2022-03-07,32658279,3,29.19,6.21,118.0,10872,83.2,141.6,15.21,135.086,5.87,45.77
2022-03-07,27736141,4,35.6,5.94,45.1,12689,165.9,146.4,14.65,162.715,6.04,40.21
2022-03-07,614320,6,62.57,5.0,172.0,18771,177.0,140.8,18.01,236.766,5.12,49.66
2022-03-07,23177662,1,8.52,5.51,35.6,2819,80.5,145.8,8.52,36.047,5.01,17.53
2022-03-14,13419295,1,10.01,4.81,71.9,2887,178.8,148.9,10.01,37.713,5.39,6.05
2022-03-14,7211094,5,35.25,4.53,72.5,9573,86.3,163.9,10.06,136.426,4.77,41.58
2022-03-14,32658279,3,45.77,5.87,192.5,16112,83.2,147.4,22.27,108.83,6.01,12.01
2022-03-14,27736141,5,40.21,6.04,51.4,14582,167.2,145.9,10.97,187.073,5.87,50.35
2022-03-14,614320,4,49.66,5.12,192.0,15252,176.6,138.2,21.03,187.645,5.04,25.75
2022-03-14,23177662,3,17.53,5.01,101.7,5270,80.5,145.8,10.5,67.389,7.17,10.23
2022-03-21,7211094,5,41.58,4.77,88.3,11896,86.3,160.3,15.01,163.34,4.61,22.11
2022-03-21,32658279,2,12.01,6.01,30.7,4327,83.2,141.6,6.87,53.763,6.95,7.34
2022-03-21,27736141,7,50.35,5.87,43.5,17730,170.0,148.7,10.56,231.758,5.33,10.56
2022-03-21,614320,3,25.75,5.04,54.0,7786,177.9,139.2,15.3,95.049,5.08,32.94
2022-03-21,23177662,2,10.23,7.17,201.0,4400,80.5,145.8,5.2,56.264,6.32,22.27
2022-03-28,13419295,1,6.05,5.39,43.5,1957,174.0,148.9,6.05,25.564,4.45,5.02
2022-03-28,7211094,4,22.11,4.61,51.1,6119,86.3,157.2,10.11,83.541,4.82,10.08
2022-03-28,32658279,1,7.34,6.95,40.2,3061,83.2,141.6,7.34,38.033,5.94,42.53
2022-03-28,27736141,2,10.56,5.33,15.6,3379,171.3,160.5,5.4,47.541,5.88,26.87
2022-03-28,614320,4,32.94,5.08,63.0,10047,171.3,138.5,11.44,122.32,5.13,53.04
2022-03-28,23177662,4,22.27,6.32,153.1,8447,80.5,145.8,10.03,108.014,5.53,20.55
2022-04-04,13419295,1,5.02,4.45,36.1,1340,185.2,148.9,5.02,17.504,4.94,5.01
2022-04-04,32658279,3,42.53,5.94,140.4,15164,83.2,157.1,22.54,202.096,5.54,20.76
2022-04-04,27736141,4,26.87,5.88,92.8,9477,168.1,152.9,9.27,127.155,5.83,16.05
2022-04-04,614320,10,53.04,5.13,133.0,16329,175.0,136.4,15.01,201.65,5.48,35.79
2022-04-04,23177662,4,20.55,5.53,179.0,6820,80.5,145.8,5.44,87.209,5.5,46.83
2022-04-11,13419295,1,5.01,4.94,36.0,1486,177.6,148.9,5.01,19.412,4.44,5.01
2022-04-11,7211094,2,10.08,4.82,20.5,2918,86.3,164.8,5.05,42.083,4.52,28.03
2022-04-11,98093514,1,3.56,6.86,4.1,1465,80.5,170.9,3.56,21.962,61.0,6.6
2022-04-11,27736141,2,16.05,5.83,15.8,5613,169.1,155.7,8.03,76.641,5.91,41.94
2022-04-11,614320,5,35.79,5.48,98.0,11764,176.5,139.5,13.11,145.643,5.02,60.84
2022-04-11,23177662,5,46.83,5.5,161.5,15461,80.5,145.8,11.01,197.704,5.25,12.03
2022-04-18,13419295,1,5.01,4.44,36.0,1335,181.2,148.9,5.01,17.439,4.67,5.02
2022-04-18,7211094,4,28.03,4.52,30.7,7605,86.3,169.6,10.0,73.964,4.86,13.8
2022-04-18,32658279,1,20.76,5.54,67.8,6903,83.2,173.0,20.76,104.756,5.99,6.16
2022-04-18,27736141,6,41.94,5.91,93.3,14885,166.3,152.6,8.3,198.937,6.84,33.51
2022-04-18,614320,4,60.84,5.02,160.0,18342,173.2,148.5,21.01,240.045,5.16,58.11
2022-04-18,23177662,2,12.03,5.25,50.2,3787,80.5,145.8,7.01,48.425,5.36,3.03
2022-04-25,13419295,1,5.02,4.67,36.1,1407,182.8,148.9,5.02,18.38,5.57,5.35
2022-04-25,7211094,1,13.8,4.86,17.8,4022,86.3,167.4,13.8,59.06,4.84,30.1
2022-04-25,27736141,5,33.51,6.84,43.8,13742,163.4,148.9,10.02,174.316,6.26,42.54
2022-04-25,614320,7,58.11,5.16,83.0,18000,176.1,139.4,15.12,226.881,5.25,53.85
2022-04-25,23177662,1,3.03,5.36,19.2,976,80.5,145.8,3.03,12.48,6.93,6.02
2022-05-02,13419295,1,5.35,5.57,98.1,1788,176.8,148.9,5.35,23.357,5.09,10.02
2022-05-02,7211094,3,30.1,4.84,57.6,8734,86.3,167.1,17.09,126.609,4.87,33.78
2022-05-02,32658279,1,6.16,5.99,25.1,2215,83.2,153.5,6.16,29.825,5.93,10.59
2022-05-02,27736141,4,42.54,6.26,133.8,15980,164.1,152.0,16.65,209.949,6.08,8.02
2022-05-02,614320,5,53.85,5.25,100.0,16967,176.0,138.9,20.22,201.896,5.0,25.55
2022-05-02,23177662,2,6.02,6.93,10.1,2501,80.5,145.8,3.01,31.981,6.29,25.08
2022-05-09,7211094,5,33.78,4.87,56.3,9866,86.3,159.5,10.09,138.195,4.72,42.39
2022-05-09,27736141,1,8.02,6.08,7.7,2926,166.6,151.2,8.02,38.808,5.8,28.49
2022-05-09,614320,4,25.55,5.0,59.0,7665,175.8,136.9,11.32,95.605,4.99,57.49
2022-05-09,23177662,5,25.08,6.29,113.2,9471,80.5,145.8,5.02,121.108,5.77,10.03
2022-05-16,13419295,1,10.02,5.09,50.8,3057,179.0,148.9,10.02,39.934,4.74,27.24
2022-05-16,7211094,6,42.39,4.72,128.2,12002,86.3,161.5,15.02,170.721,4.73,35.89
2022-05-16,32658279,1,10.59,5.93,53.5,3765,83.2,165.7,10.59,54.725,5.46,15.06
2022-05-16,27736141,4,28.49,5.8,52.3,9909,167.1,155.2,10.01,135.218,5.78,16.07
2022-05-16,614320,6,57.49,4.99,151.0,17200,175.2,138.5,20.21,207.283,5.21,7.71
2022-05-16,23177662,2,10.03,5.77,42.0,3474,80.5,145.8,5.02,44.423,6.09,10.04
2022-05-23,13419295,3,27.24,4.74,195.8,7748,179.5,148.9,12.21,101.212,4.78,10.02
2022-05-23,7211094,5,35.89,4.73,57.8,10184,86.3,159.2,8.03,142.208,4.56,15.02
2022-05-23,32658279,2,15.06,5.46,42.9,4937,83.2,165.9,10.0,70.409,5.36,10.24
2022-05-23,27736141,2,16.07,5.78,13.9,5575,168.3,155.6,8.04,76.043,5.85,34.01
2022-05-23,614320,1,7.71,5.21,11.0,2412,167.4,128.6,7.71,27.209,5.12,21.05
2022-05-23,23177662,2,10.04,6.09,63.7,3668,80.5,145.8,5.03,46.904,6.35,1.16
2022-05-30,13419295,1,10.02,4.78,72.0,2873,178.2,141.7,10.02,35.711,4.74,7.13
2022-05-30,7211094,2,15.02,4.56,21.7,4114,86.3,170.2,8.03,61.145,4.74,5.64
2022-05-30,32658279,1,10.24,5.36,26.1,3296,83.2,168.0,10.24,48.573,6.79,12.82
2022-05-30,27736141,5,34.01,5.85,37.3,11930,170.2,151.9,8.35,158.944,6.05,38.84
2022-05-30,614320,3,21.05,5.12,52.0,6466,178.2,139.2,15.01,80.025,5.21,24.63
2022-05-30,23177662,1,1.16,6.35,7.4,442,80.5,145.8,1.16,5.652,5.67,4.67
2022-06-06,7211094,1,5.64,4.74,6.8,1604,86.3,167.5,5.64,23.568,4.61,6.41
2022-06-06,98093514,1,6.6,61.0,19.1,24169,80.5,104.8,6.6,222.185,6.68,4.98
2022-06-06,32658279,2,12.82,6.79,52.1,5224,83.2,156.1,7.57,70.859,6.33,9.17
2022-06-06,27736141,5,38.84,6.05,31.2,14101,169.6,148.1,14.02,184.469,5.92,43.27
2022-06-06,614320,3,24.63,5.21,39.0,7698,177.1,138.7,11.01,90.78,4.99,27.84
2022-06-06,23177662,2,4.67,5.67,3.0,1587,80.5,145.8,3.01,20.293,6.02,10.64
2022-06-13,13419295,1,7.13,4.74,51.2,2027,179.0,148.9,7.13,26.479,5.13,6.42
2022-06-13,7211094,1,6.41,4.61,12.9,1773,86.3,170.5,6.41,26.517,4.79,35.57
2022-06-13,98093514,1,4.98,6.68,12.9,1994,80.5,170.4,4.98,29.805,6.67,13.07
2022-06-13,32658279,1,9.17,6.33,4.7,3482,83.2,162.3,9.17,49.573,5.7,5.39
2022-06-13,27736141,5,43.27,5.92,42.7,15379,168.1,150.1,12.11,203.935,6.02,38.21
2022-06-13,614320,4,27.84,4.99,105.0,8329,176.5,142.8,13.1,103.248,4.98,50.72
2022-06-20,13419295,1,6.42,5.13,46.2,1976,178.4,148.9,6.42,25.813,4.86,12.42
2022-06-20,7211094,5,35.57,4.79,109.6,10222,86.3,165.3,13.04,149.057,4.4,17.51
2022-06-20,98093514,3,13.07,6.67,24.8,5231,80.5,168.4,5.02,77.324,8.51,54.36
2022-06-20,32658279,1,5.39,5.7,13.7,1844,83.2,145.3,5.39,23.503,5.53,24.27
2022-06-20,27736141,3,38.21,6.02,369.4,13796,166.8,152.6,16.01,184.051,5.59,11.84
2022-06-20,614320,5,50.72,4.98,165.0,15164,177.4,144.7,18.51,190.137,4.98,54.15
2022-06-20,23177662,6,10.64,6.02,14.9,3839,80.5,145.8,2.02,49.09,5.87,18.49
2022-06-27,13419295,1,12.42,4.86,89.2,3620,178.4,148.9,12.42,47.288,4.63,5.51
2022-06-27,7211094,3,17.51,4.4,57.1,4626,86.3,179.8,6.98,72.625,4.56,38.75
2022-06-27,98093514,6,54.36,8.51,69.2,27765,120.4,171.0,10.78,26.31,6.76,18.92
2022-06-27,32658279,3,24.27,5.53,55.6,8052,83.2,164.6,10.02,117.102,5.85,35.57
2022-06-27,27736141,2,11.84,5.59,44.9,3968,173.1,152.9,8.02,53.314,5.96,53.59
2022-06-27,614320,4,54.15,4.98,152.0,16164,175.9,144.6,20.01,207.48,5.08,20.11
2022-06-27,23177662,7,18.49,5.87,8.7,6515,80.5,145.8,5.02,83.309,5.75,21.35
2022-07-04,7211094,7,38.75,4.56,69.9,10606,86.3,159.8,10.18,151.513,4.65,31.47
2022-07-04,98093514,4,18.92,6.76,39.6,7677,141.8,168.0,6.36,48.103,7.44,28.54
2022-07-04,32658279,3,35.57,5.85,58.5,12492,83.2,161.0,15.39,176.778,6.12,36.2
2022-07-04,27736141,5,53.59,5.96,65.6,19166,170.0,150.1,20.02,253.684,6.1,43.85
2022-07-04,614320,1,20.11,5.08,40.0,6124,175.0,144.0,20.11,77.356,5.03,21.51
2022-07-04,23177662,7,21.35,5.75,25.7,7364,80.5,145.8,6.02,94.166,6.19,9.94
2022-07-11,13419295,1,5.51,4.63,65.0,1532,180.8,148.9,5.51,20.013,5.28,5.01
2022-07-11,7211094,5,31.47,4.65,60.9,8773,86.3,160.7,10.13,124.645,4.41,6.31
2022-07-11,98093514,4,28.54,7.44,54.6,12739,119.1,169.8,10.05,85.699,6.05,16.22
2022-07-11,32658279,3,36.2,6.12,145.1,13300,83.2,160.7,15.92,186.297,5.94,51.49
2022-07-11,27736141,4,43.85,6.1,133.3,16044,170.2,150.1,13.71,210.444,5.77,45.15
2022-07-11,614320,2,21.51,5.03,72.0,6486,176.2,140.8,13.41,80.516,5.05,52.83
2022-07-11,23177662,5,9.94,6.19,21.2,3692,80.5,145.8,2.11,47.211,6.66,6.24
2022-07-18,7211094,1,6.31,4.41,12.7,1672,86.3,164.2,6.31,24.083,5.1,27.78
2022-07-18,98093514,4,16.22,6.05,59.7,5890,80.5,165.8,5.26,86.84,6.12,22.51
2022-07-18,32658279,4,51.49,5.94,185.3,18348,83.2,153.7,21.27,242.979,5.9,29.46
2022-07-18,27736141,4,45.15,5.77,51.6,15644,171.3,153.7,18.02,210.649,5.73,45.81
2022-07-18,614320,4,52.83,5.05,170.0,15991,176.7,144.0,21.09,204.785,5.21,26.03
2022-07-18,23177662,3,6.24,6.66,39.6,2495,80.5,145.8,2.12,31.904,6.32,24.4
2022-07-25,7211094,3,27.78,5.1,51.8,8492,86.3,165.6,16.4,122.331,4.53,19.18
2022-07-25,98093514,3,22.51,6.12,28.3,8272,80.5,170.9,10.12,124.282,6.51,23.26
2022-07-25,32658279,4,29.46,5.9,67.9,10436,83.2,152.2,10.28,139.837,5.88,10.26
2022-07-25,27736141,4,45.81,5.73,151.2,15742,171.3,152.8,22.4,211.477,5.93,50.57
2022-07-25,614320,3,26.03,5.21,76.0,8142,175.2,144.8,11.11,102.108,5.05,10.44
2022-07-25,23177662,9,24.4,6.32,58.0,9248,80.5,145.8,10.01,118.257,5.88,24.46
2022-08-01,7211094,3,19.18,4.53,121.7,5217,86.3,168.4,7.69,76.229,4.55,21.75
2022-08-01,98093514,5,23.26,6.51,41.1,9088,131.6,156.1,6.86,86.128,6.19,11.12
2022-08-01,32658279,1,10.26,5.88,25.6,3621,83.2,149.0,10.26,47.327,6.74,29.77
2022-08-01,27736141,4,50.57,5.93,84.6,17995,169.3,152.5,24.02,237.629,5.95,52.27
2022-08-01,23177662,6,24.46,5.88,46.3,8633,80.5,145.8,15.01,110.393,6.27,40.72
2022-08-08,7211094,3,21.75,4.55,41.4,5944,86.3,171.4,10.44,88.974,4.33,16.94
2022-08-08,98093514,2,11.12,6.19,18.1,4134,80.5,168.0,6.02,60.975,6.21,4.67
2022-08-08,32658279,3,29.77,6.74,127.7,12038,83.2,138.9,15.07,147.333,6.0,26.44
2022-08-08,27736141,4,52.27,5.95,38.3,18654,171.2,152.7,26.09,245.835,6.01,37.84
2022-08-08,23177662,7,40.72,6.27,58.9,15330,80.5,145.8,21.11,196.029,5.54,10.01
2022-08-15,7211094,3,16.94,4.33,24.2,4397,86.3,169.5,6.31,65.067,4.78,16.98
2022-08-15,98093514,1,4.67,6.21,3.8,1739,80.5,154.5,4.67,23.568,6.26,12.03
2022-08-15,27736141,4,37.84,6.01,51.9,13646,167.8,149.9,15.02,179.709,5.79,24.29
2022-08-15,23177662,1,10.01,5.54,21.0,3331,80.5,145.8,10.01,42.594,5.54,32.06
2022-08-22,13419295,1,5.01,5.28,36.0,1589,181.8,148.9,5.01,20.757,4.65,10.03
2022-08-22,7211094,3,16.98,4.78,32.3,4865,86.3,171.6,8.04,72.905,4.75,22.79
2022-08-22,98093514,2,12.03,6.26,28.5,4522,80.5,136.9,10.01,61.485,6.24,25.83
2022-08-22,32658279,2,26.44,6.0,158.4,9526,83.2,148.0,20.34,130.964,6.97,17.38
2022-08-22,27736141,3,24.29,5.79,31.4,8442,167.5,148.7,11.08,111.606,6.0,80.15
2022-08-22,614320,2,10.44,5.05,17.0,3162,176.8,148.8,5.41,41.21,5.15,41.79
2022-08-22,23177662,5,32.06,5.54,34.5,10662,80.5,145.8,10.01,136.338,5.76,30.53
2022-08-29,7211094,4,22.79,4.75,44.4,6499,86.3,180.0,7.48,102.414,4.64,8.05
2022-08-29,98093514,4,25.83,6.24,56.2,9678,80.5,166.5,11.14,141.905,6.45,20.04
2022-08-29,32658279,3,17.38,6.97,75.7,7270,83.2,130.9,10.8,89.32,6.79,62.25
2022-08-29,27736141,5,80.15,6.0,87.7,28869,168.0,149.2,29.71,382.775,5.96,46.77
2022-08-29,614320,5,41.79,5.15,93.0,12911,173.8,146.1,15.21,164.822,5.58,16.49
2022-08-29,23177662,3,30.53,5.76,29.8,10554,80.5,145.8,15.01,134.957,5.57,25.79
2022-09-05,13419295,2,10.03,4.65,72.1,2799,180.3,148.9,5.02,36.563,5.32,6.01
2022-09-05,7211094,1,8.05,4.64,10.2,2241,86.3,166.3,8.05,32.691,4.51,26.23
2022-09-05,98093514,3,20.04,6.45,29.7,7748,80.5,167.5,10.01,113.962,6.86,35.21
2022-09-05,32658279,3,62.25,6.79,245.8,25351,83.2,144.7,30.09,328.194,7.71,39.21
2022-09-05,27736141,4,46.77,5.96,49.0,16717,170.0,151.7,17.94,222.383,5.9,39.06
2022-09-05,614320,3,16.49,5.58,28.0,5522,166.9,134.6,6.04,64.915,4.93,5.02
2022-09-05,23177662,3,25.79,5.57,38.9,8615,80.5,145.8,10.51,110.162,6.05,21.27
2022-09-12,13419295,1,6.01,5.32,94.1,1920,177.6,148.9,6.01,25.081,4.98,7.11
2022-09-12,7211094,4,26.23,4.51,35.4,7104,86.3,168.5,11.75,103.846,4.87,19.89
2022-09-12,98093514,4,35.21,6.86,46.5,14492,80.5,166.9,21.15,213.082,6.77,17.57
2022-09-12,32658279,2,39.21,7.71,117.3,18149,83.2,138.8,33.14,221.858,7.08,12.05
2022-09-12,27736141,4,39.06,5.9,60.8,13822,169.0,149.3,15.36,180.655,5.69,35.46
2022-09-12,614320,1,5.02,4.93,14.0,1486,177.4,150.6,5.02,19.631,5.21,28.56
2022-09-12,23177662,4,21.27,6.05,37.8,7721,80.5,145.8,10.0,98.731,5.3,15.06
2022-09-19,13419295,1,7.11,4.98,51.1,2124,176.2,148.9,7.11,27.746,5.19,7.67
2022-09-19,7211094,2,19.89,4.87,35.6,5810,86.3,166.1,12.89,84.389,4.91,20.09
2022-09-19,98093514,2,17.57,6.77,11.6,7132,80.5,149.3,12.57,98.763,6.72,26.5
2022-09-19,32658279,2,12.05,7.08,34.8,5119,83.2,144.6,7.05,64.221,6.67,43.17
2022-09-19,27736141,5,35.46,5.69,55.5,12103,171.8,150.6,11.77,160.015,6.21,65.76
2022-09-19,614320,4,28.56,5.21,43.0,8929,174.9,141.8,8.01,110.731,5.19,22.32
2022-09-19,23177662,2,15.06,5.3,24.3,4785,80.5,145.8,10.01,61.187,5.7,38.89
2022-09-26,13419295,1,7.67,5.19,55.1,2386,180.4,148.9,7.67,31.168,5.11,21.49
2022-09-26,7211094,3,20.09,4.91,116.2,5918,86.3,170.0,10.15,88.643,5.26,3.91
2022-09-26,98093514,2,26.5,6.72,93.7,10689,80.5,166.0,21.48,157.327,8.37,10.09
2022-09-26,32658279,1,43.17,6.67,175.4,17269,83.2,154.5,43.17,234.04,5.78,11.16
2022-09-26,27736141,5,65.76,6.21,75.2,24517,167.5,146.9,42.2,318.486,6.13,21.35
2022-09-26,614320,2,22.32,5.19,13.0,6949,174.6,143.6,12.11,87.423,5.19,32.07
2022-09-26,23177662,5,38.89,5.7,131.5,13290,80.5,145.8,15.01,169.943,4.96,5.11
2022-10-03,13419295,2,21.49,5.11,226.8,6589,180.4,148.9,15.02,86.072,4.53,5.04
2022-10-03,32658279,2,11.16,5.78,62.4,3868,83.2,163.3,6.14,54.903,6.41,27.5
2022-10-03,27736141,3,21.35,6.13,29.6,7853,165.9,145.4,10.55,101.165,6.27,21.53
2022-10-03,614320,4,32.07,5.19,98.0,9980,175.9,143.2,13.11,125.978,5.1,10.53
2022-10-03,23177662,1,5.11,4.96,14.7,1519,80.5,145.8,5.11,19.424,4.82,5.11
2022-10-10,13419295,1,5.04,4.53,36.2,1372,178.4,148.9,5.04,17.922,5.06,29.24
2022-10-10,32658279,2,27.5,6.41,26.8,10574,83.2,151.8,21.36,133.098,5.26,5.13
2022-10-10,27736141,3,21.53,6.27,30.5,8103,164.9,145.2,10.11,103.616,5.81,35.86
2022-10-10,614320,2,10.53,5.1,24.0,3220,178.8,145.3,5.42,40.764,5.49,16.52
2022-10-10,23177662,1,5.11,4.82,14.4,1478,80.5,145.8,5.11,18.9,5.61,1.9
2022-10-17,13419295,2,29.24,5.06,308.4,8879,180.4,148.9,21.22,115.986,5.01,22.39
2022-10-17,7211094,1,3.91,5.26,15.5,1233,86.3,184.0,3.91,19.901,4.6,5.08
2022-10-17,32658279,1,5.13,5.26,22.2,1619,83.2,162.5,5.13,23.078,6.24,20.17
2022-10-17,27736141,5,35.86,5.81,58.2,12492,168.3,153.1,10.25,167.369,6.01,33.12
2022-10-17,614320,2,16.52,5.49,12.0,5438,173.3,135.9,10.21,64.56,5.83,36.13
2022-10-17,23177662,1,1.9,5.61,13.3,641,80.5,145.8,1.9,8.197,5.85,5.21
2022-10-24,13419295,3,22.39,5.01,19.8,6728,180.9,148.9,10.04,87.888,5.45,5.01
2022-10-24,7211094,1,5.08,4.6,7.6,1403,86.3,178.0,5.08,21.906,4.67,6.41
2022-10-24,98093514,3,10.09,8.37,15.6,5065,80.5,152.0,5.04,60.2,5.89,9.07
2022-10-24,32658279,2,20.17,6.24,44.9,7549,83.2,155.0,15.13,99.202,5.61,31.52
2022-10-24,27736141,7,33.12,6.01,41.7,11940,167.7,149.5,10.02,156.071,6.13,56.37
2022-10-24,614320,4,36.13,5.83,92.0,12635,174.1,138.4,11.31,154.793,5.29,7.3
2022-10-31,13419295,1,5.01,5.45,36.0,1640,175.4,148.9,5.01,21.423,4.63,5.01
2022-10-31,98093514,2,9.07,5.89,18.9,3205,80.5,146.9,5.03,40.607,5.89,10.2
2022-10-31,32658279,2,31.52,5.61,76.9,10604,83.2,157.2,21.39,148.967,5.72,18.3
2022-10-31,27736141,5,56.37,6.13,72.6,20717,166.4,148.0,21.35,268.986,6.42,59.42
2022-10-31,614320,1,7.3,5.29,8.0,2317,174.6,138.2,7.3,28.089,5.26,39.52
2022-10-31,23177662,1,5.21,5.85,12.9,1829,80.5,145.8,5.21,23.388,5.55,10.62
2022-11-07,7211094,1,6.41,4.67,12.3,1799,86.3,178.8,6.41,28.216,4.95,5.0
2022-11-07,98093514,2,10.2,5.89,69.6,3606,80.5,176.5,5.2,55.816,5.57,11.32
2022-11-07,32658279,3,18.3,5.72,85.6,6282,83.2,157.2,7.04,85.529,6.3,16.19
2022-11-07,27736141,5,59.42,6.42,47.2,22900,166.0,144.4,26.36,292.412,6.3,45.23
2022-11-07,614320,4,39.52,5.26,174.0,12462,173.9,142.6,13.11,155.369,4.82,21.73
2022-11-07,23177662,2,10.62,5.55,13.0,3533,80.5,145.8,5.6,45.177,5.6,24.06
2022-11-14,13419295,1,5.01,4.63,36.0,1394,182.6,148.9,5.01,18.21,4.88,16.79
2022-11-14,98093514,3,11.32,5.57,19.9,3785,80.5,160.7,5.1,54.452,7.18,8.78
2022-11-14,32658279,1,16.19,6.3,74.8,6119,83.2,151.0,16.19,81.05,5.54,16.57
2022-11-14,27736141,4,45.23,6.3,69.8,17093,166.4,147.1,16.23,219.768,6.61,53.02
2022-11-14,614320,5,21.73,4.82,137.0,6282,180.3,149.7,5.1,82.142,5.21,27.96
2022-11-14,23177662,5,24.06,5.6,14.5,8087,80.5,145.8,10.01,103.411,6.09,26.68
2022-11-21,13419295,3,16.79,4.88,73.6,4922,184.5,148.9,8.02,64.296,4.5,15.78
2022-11-21,27736141,4,53.02,6.61,79.5,21032,165.7,147.7,30.13,270.718,6.03,40.49
2022-11-21,614320,4,27.96,5.21,70.0,8743,174.8,136.6,11.21,104.353,5.18,33.54
2022-11-21,23177662,4,26.68,6.09,48.9,9757,80.5,145.8,21.12,124.765,5.7,33.05
2022-11-28,13419295,3,15.78,4.5,100.6,4260,189.1,148.9,5.39,55.648,4.6,15.05
2022-11-28,32658279,2,16.57,5.54,101.6,5513,83.2,162.1,9.89,78.779,4.98,5.04
2022-11-28,27736141,3,40.49,6.03,95.0,14651,168.3,154.1,20.41,197.09,5.81,28.96
2022-11-28,614320,3,33.54,5.18,63.0,10427,174.7,143.0,13.02,130.648,5.05,12.02
2022-11-28,23177662,4,33.05,5.7,53.5,11295,80.5,145.8,12.01,144.432,5.64,31.73
2022-12-05,13419295,3,15.05,4.6,108.2,4151,183.1,148.9,5.02,54.225,4.86,17.86
2022-12-05,32658279,1,5.04,4.98,17.4,1507,83.2,170.5,5.04,22.539,5.09,5.0
2022-12-05,27736141,3,28.96,5.81,55.5,10094,172.3,157.0,15.97,136.084,5.95,16.28
2022-12-05,614320,2,12.02,5.05,47.0,3639,174.6,132.1,6.01,42.168,5.21,15.05
2022-12-05,23177662,7,31.73,5.64,64.8,10734,80.5,145.8,10.02,137.259,5.94,38.94
2022-12-12,13419295,3,17.86,4.86,142.4,5212,177.3,148.9,6.17,68.084,4.71,21.35
2022-12-12,32658279,1,5.0,5.09,19.8,1526,83.2,166.7,5.0,22.314,6.72,10.11
2022-12-12,27736141,2,16.28,5.95,8.5,5817,172.7,156.2,11.32,77.692,5.95,47.08
2022-12-12,614320,2,15.05,5.21,39.0,4708,176.8,144.2,10.04,59.024,5.3,60.25
2022-12-12,23177662,7,38.94,5.94,91.8,13878,80.5,145.8,15.01,177.462,5.65,41.15
2022-12-19,13419295,4,21.35,4.71,187.5,6031,184.4,148.9,8.01,78.783,4.82,20.1
2022-12-19,7211094,1,5.0,4.95,14.2,1487,86.3,184.7,5.0,24.092,4.61,10.12
2022-12-19,32658279,1,10.11,6.72,169.8,4076,83.2,140.4,10.11,50.199,5.96,8.09
2022-12-19,27736141,6,47.08,5.95,38.9,16802,168.1,145.0,11.16,216.367,6.51,46.41
2022-12-19,614320,5,60.25,5.3,131.0,19171,174.3,134.4,17.21,227.517,5.27,40.26
2022-12-19,23177662,4,41.15,5.65,41.6,13963,80.5,145.8,21.11,178.549,5.44,16.55
2022-12-26,13419295,3,20.1,4.82,36.5,5808,181.2,148.9,10.06,75.87,5.22,30.6
2022-12-26,7211094,2,10.12,4.61,14.0,2799,86.3,181.5,5.07,44.584,4.75,4.9
2022-12-26,98093514,2,8.78,7.18,26.8,3785,80.5,170.6,5.19,56.614,6.66,2.35
2022-12-26,32658279,1,8.09,5.96,68.6,2891,83.2,147.9,8.09,37.507,6.1,33.67
2022-12-26,27736141,3,46.41,6.51,44.5,18114,164.9,142.9,21.37,223.917,5.88,35.65
2022-12-26,614320,5,40.26,5.27,152.0,12741,175.3,131.3,13.11,146.088,5.43,68.24
2022-12-26,23177662,3,16.55,5.44,37.7,5402,80.5,145.8,10.01,69.077,5.81,46.67
2023-01-02,13419295,5,30.6,5.22,308.6,9594,177.8,148.9,10.03,125.327,5.1,37.78
2023-01-02,7211094,1,4.9,4.75,16.8,1396,86.3,177.7,4.9,21.76,4.73,4.56
2023-01-02,98093514,1,2.35,6.66,17.4,939,80.5,115.6,2.35,9.522,6.39,8.89
2023-01-02,32658279,5,33.67,6.1,117.6,12333,83.2,152.9,10.14,160.902,5.56,12.38
2023-01-02,27736141,5,35.65,5.88,39.0,12583,170.2,148.5,9.34,162.082,5.07,17.21
2023-01-02,614320,5,68.24,5.43,193.0,22243,175.2,133.5,23.2,260.875,5.29,49.73
2023-01-02,23177662,6,46.67,5.81,73.8,16258,80.5,145.8,10.02,207.896,5.16,32.07
2023-01-09,13419295,7,37.78,5.1,280.6,11551,178.9,148.9,12.03,150.891,4.63,19.4
2023-01-09,7211094,1,4.56,4.73,18.0,1294,86.3,171.7,4.56,19.489,4.68,15.19
2023-01-09,32658279,3,12.38,5.56,24.0,4128,83.2,151.4,6.06,56.699,5.31,15.05
2023-01-09,27736141,5,17.21,5.07,182.1,5230,179.9,158.7,5.03,72.718,5.88,51.65
2023-01-09,614320,5,49.73,5.29,194.0,15775,172.4,133.0,18.01,185.859,5.56,49.13
2023-01-09,23177662,6,32.07,5.16,86.4,9922,80.5,145.8,10.01,126.875,5.68,34.28
2023-01-16,13419295,6,19.4,4.63,208.6,5392,183.9,148.9,6.0,70.436,4.91,40.46
2023-01-16,7211094,3,15.19,4.68,24.4,4260,86.3,175.1,5.12,65.409,4.55,7.64
2023-01-16,98093514,2,8.89,6.39,12.9,3410,80.5,176.8,5.04,53.023,6.05,10.11
2023-01-16,32658279,2,15.05,5.31,43.0,4801,83.2,167.8,10.01,70.927,6.17,28.94
2023-01-16,27736141,5,51.65,5.88,37.9,18210,168.6,141.3,20.21,232.283,5.87,56.01
2023-01-16,614320,4,49.13,5.56,83.0,16404,171.9,123.0,20.01,174.954,5.46,28.27
2023-01-16,23177662,6,34.28,5.68,81.8,11681,80.5,145.8,10.02,149.368,5.55,40.07
2023-01-23,13419295,6,40.46,4.91,144.7,11912,182.2,148.9,13.02,155.607,5.22,27.06
2023-01-23,7211094,1,7.64,4.55,91.2,2084,86.3,160.9,7.64,29.414,4.45,11.68
2023-01-23,98093514,2,10.11,6.05,68.5,3671,80.5,171.0,5.18,55.072,5.94,10.99
2023-01-23,32658279,6,28.94,6.17,175.0,10716,83.2,144.5,10.37,138.59,5.19,4.96
2023-01-23,27736141,6,56.01,5.87,74.8,19738,169.6,146.1,16.14,252.583,5.95,52.3
2023-01-23,614320,3,28.27,5.46,113.0,9260,172.3,127.7,10.33,103.24,5.59,19.11
2023-01-23,23177662,6,40.07,5.55,89.5,13335,80.5,145.8,10.02,170.518,5.58,41.98
2023-01-30,13419295,6,27.06,5.22,209.5,8470,178.4,148.9,8.02,110.644,5.05,27.77
2023-01-30,98093514,3,10.99,5.94,41.9,3918,80.5,162.7,5.11,56.741,6.35,15.1
2023-01-30,27736141,5,52.3,5.95,51.6,18662,167.7,143.6,21.12,235.706,5.93,62.38
2023-01-30,614320,2,19.11,5.59,29.0,6416,171.6,128.5,13.71,72.384,5.64,31.02
2023-01-30,23177662,5,41.98,5.58,77.2,14048,80.5,145.8,21.12,179.636,5.44,20.05
2023-02-06,13419295,3,27.77,5.05,54.4,8413,181.3,148.9,15.02,109.899,5.23,16.03
2023-02-06,7211094,2,11.68,4.45,15.4,3121,86.3,182.8,6.67,49.888,4.98,17.88
2023-02-06,98093514,4,15.1,6.35,54.5,5754,80.5,156.5,6.1,81.999,6.58,13.13
2023-02-06,27736141,5,62.38,5.93,25.0,22177,168.8,145.0,24.03,282.0,5.85,58.33
2023-02-06,614320,2,31.02,5.64,93.0,10500,173.5,132.2,20.01,122.48,5.54,63.55
2023-02-06,23177662,4,20.05,5.44,35.0,6549,80.5,145.8,5.01,83.744,5.52,42.5
2023-02-13,13419295,2,16.03,5.23,80.2,5027,180.7,148.9,10.02,65.668,5.18,10.46
2023-02-13,7211094,3,17.88,4.98,27.8,5348,86.3,172.6,7.86,80.069,5.07,31.29
2023-02-13,98093514,2,13.13,6.58,29.2,5186,80.5,173.9,8.1,78.713,6.47,23.29
2023-02-13,32658279,1,4.96,5.19,14.4,1544,83.2,171.9,4.96,23.282,6.05,11.06
2023-02-13,27736141,5,58.33,5.85,57.5,20461,170.4,147.5,19.73,263.736,5.81,59.89
2023-02-13,614320,5,63.55,5.54,113.0,21126,172.4,133.2,19.01,245.038,5.56,79.34
2023-02-13,23177662,5,42.5,5.52,93.5,14080,80.5,145.8,21.11,180.045,5.14,27.06
2023-02-20,13419295,2,10.46,5.18,6.0,3249,174.0,148.9,5.45,42.442,6.1,6.01
2023-02-20,7211094,7,31.29,5.07,49.8,9524,86.3,166.2,11.78,138.216,4.89,32.63
2023-02-20,98093514,5,23.29,6.47,38.4,9035,80.5,161.8,7.06,132.078,6.3,17.41
2023-02-20,32658279,2,11.06,6.05,43.6,4017,83.2,156.5,6.04,54.33,7.09,0.22
2023-02-20,27736141,4,59.89,5.81,27.9,20864,172.0,147.8,28.02,266.149,6.02,69.04
2023-02-20,614320,5,79.34,5.56,125.0,26444,173.4,127.8,22.01,301.324,5.4,50.84
2023-02-20,23177662,4,27.06,5.14,68.4,8337,80.5,145.8,10.02,106.608,6.01,20.53
2023-02-27,13419295,1,6.01,6.1,43.2,2201,170.8,148.9,6.01,28.752,5.6,20.05
2023-02-27,7211094,6,32.63,4.89,73.6,9567,86.3,165.0,6.03,137.909,5.11,52.48
2023-02-27,98093514,3,17.41,6.3,23.0,6576,80.5,162.7,8.23,94.203,6.63,31.49
2023-02-27,32658279,1,0.22,7.09,1.2,92,83.2,121.8,0.22,0.983,6.98,27.25
2023-02-27,27736141,5,69.04,6.02,33.2,24933,168.0,143.7,32.01,313.221,5.88,67.11
2023-02-27,614320,4,50.84,5.4,88.0,16476,173.8,131.5,20.01,195.611,5.7,36.63
2023-03-06,13419295,2,20.05,5.6,144.0,6736,172.9,148.9,15.03,87.992,4.91,23.05
2023-03-06,7211094,9,52.48,5.11,113.6,16105,86.3,155.9,10.08,222.728,4.76,29.54
2023-03-06,98093514,5,31.49,6.63,61.4,12523,80.5,154.7,10.2,173.677,7.01,15.18
2023-03-06,32658279,4,27.25,6.98,57.0,11415,83.2,138.2,11.09,137.105,5.58,25.1
2023-03-06,27736141,5,67.11,5.88,38.8,23691,169.3,144.8,24.02,299.429,6.11,68.2
2023-03-06,614320,3,36.63,5.7,80.0,12529,171.9,127.2,19.01,140.999,5.54,44.14
2023-03-06,23177662,3,20.53,6.01,25.6,7404,80.5,145.8,10.01,94.677,5.99,10.21
2023-03-13,13419295,2,23.05,4.91,134.0,6785,179.6,148.9,18.03,88.633,5.13,34.27
2023-03-13,7211094,7,29.54,4.76,65.0,8442,86.3,159.2,7.92,118.354,4.6,21.59
2023-03-13,98093514,2,15.18,7.01,37.3,6384,80.5,162.6,10.13,89.142,6.32,20.63
2023-03-13,32658279,4,25.1,5.58,113.8,8407,83.2,151.3,14.31,113.189,6.69,21.87
2023-03-13,27736141,4,68.2,6.11,7.8,25003,169.3,146.3,34.39,319.315,6.15,77.65
2023-03-13,614320,3,44.14,5.54,107.0,14672,172.7,139.9,20.01,183.358,5.47,16.21
2023-03-13,23177662,2,10.21,5.99,24.2,3671,80.5,145.8,5.21,46.942,5.45,20.08
2023-03-20,13419295,2,34.27,5.13,246.2,10556,176.1,148.9,21.24,137.893,5.08,37.33
2023-03-20,7211094,4,21.59,4.6,112.0,5958,86.3,165.0,9.92,89.451,4.97,35.24
2023-03-20,98093514,3,20.63,6.32,159.0,7826,80.5,165.7,10.51,113.156,6.69,25.53
2023-03-20,27736141,5,77.65,6.15,62.4,28646,169.4,146.0,34.05,361.229,6.0,65.39
2023-03-20,614320,2,16.21,5.47,58.0,5325,171.8,126.4,9.5,59.496,5.3,31.05
2023-03-20,23177662,4,20.08,5.45,37.1,6569,80.5,145.8,5.03,84.0,5.24,15.03
2023-03-27,13419295,2,37.33,5.08,96.4,11376,180.7,148.9,25.06,148.605,5.94,55.04
2023-03-27,7211094,6,35.24,4.97,77.8,10510,86.3,158.0,15.02,148.542,4.78,44.28
2023-03-27,98093514,3,25.53,6.69,48.6,10242,80.5,168.7,10.27,149.726,6.09,18.23
2023-03-27,32658279,4,21.87,6.69,67.8,8782,83.2,139.8,8.06,107.226,6.36,13.9
2023-03-27,27736141,5,65.39,6.0,36.3,23529,168.0,145.2,30.07,299.557,6.04,66.26
2023-03-27,614320,2,31.05,5.3,124.0,9871,175.4,145.7,21.05,127.081,5.14,16.52
2023-03-27,23177662,3,15.03,5.24,24.9,4722,80.5,145.8,5.01,60.382,5.53,20.43
2023-04-03,13419295,2,55.04,5.94,837.7,19607,181.1,148.9,50.03,256.126,5.62,5.03
2023-04-03,7211094,5,44.28,4.78,66.0,12695,86.3,160.4,19.6,178.153,4.85,44.8
2023-04-03,98093514,3,18.23,6.09,27.2,6663,80.5,167.4,10.16,98.221,7.61,15.22
2023-04-03,27736141,8,66.26,6.04,42.9,24027,166.6,141.2,25.06,301.358,5.88,45.09
2023-04-03,614320,2,16.52,5.14,27.0,5096,173.6,140.9,11.11,61.894,5.09,48.75
2023-04-03,23177662,2,20.43,5.53,22.2,6774,80.5,145.8,10.41,86.621,5.55,41.28
2023-04-10,13419295,1,5.03,5.62,107.3,1696,175.6,148.9,5.03,22.155,5.3,50.48
2023-04-10,7211094,6,44.8,4.85,178.6,13045,86.3,156.1,21.14,186.148,5.29,35.5
2023-04-10,98093514,2,15.22,7.61,32.7,6951,80.5,152.3,10.19,95.314,7.57,15.12
2023-04-10,32658279,2,13.9,6.36,49.8,5303,83.2,159.8,8.89,74.947,6.7,17.23
2023-04-10,27736141,4,45.09,5.88,32.9,15917,171.0,145.4,19.22,203.119,6.52,60.07
2023-04-10,614320,5,48.75,5.09,168.0,14883,173.3,135.3,13.21,177.183,5.17,35.62
2023-04-10,23177662,4,41.28,5.55,55.1,13755,80.5,145.8,21.23,175.889,5.44,10.26
2023-04-17,13419295,2,50.48,5.3,53.8,16066,179.1,148.9,42.4,209.87,6.04,6.02
2023-04-17,7211094,4,35.5,5.29,43.4,11257,86.3,162.5,18.39,154.56,4.8,44.25
2023-04-17,98093514,2,15.12,7.57,43.0,6864,80.5,149.2,10.06,91.551,7.2,8.58
2023-04-17,32658279,2,17.23,6.7,103.6,6930,83.2,140.8,10.03,85.719,6.55,12.07
2023-04-17,27736141,4,60.07,6.52,36.8,23506,167.1,147.3,42.24,295.821,4.81,5.01
2023-04-17,614320,3,35.62,5.17,60.0,11055,173.5,137.0,15.21,133.021,5.44,37.71
2023-04-17,23177662,2,10.26,5.44,26.1,3350,80.5,145.8,5.21,42.837,5.44,20.08
2023-04-24,7211094,7,44.25,4.8,72.0,12740,86.3,159.5,10.15,177.692,4.96,42.34
2023-04-24,98093514,2,8.58,7.2,12.9,3703,80.5,158.4,5.05,51.618,6.34,19.06
2023-04-24,32658279,2,12.07,6.55,39.2,4741,83.2,138.8,7.06,57.551,8.36,31.1
2023-04-24,27736141,1,5.01,4.81,4.3,1447,186.6,168.7,5.01,21.413,5.89,13.13
2023-04-24,614320,3,37.71,5.44,107.0,12302,172.2,141.7,19.1,154.206,5.47,32.65
2023-04-24,23177662,3,20.08,5.44,37.9,6555,162.2,145.8,10.01,83.821,5.78,15.26
2023-05-01,7211094,4,42.34,4.96,107.8,12589,86.3,160.5,22.2,176.061,4.71,24.64
2023-05-01,98093514,4,19.06,6.34,27.1,7251,80.5,170.8,5.35,108.567,6.28,5.13
2023-05-01,32658279,3,31.1,8.36,103.6,15603,83.2,136.0,14.85,186.117,7.25,42.12
2023-05-01,27736141,2,13.13,5.89,11.3,4638,173.4,160.9,8.02,38.63,5.78,25.06
2023-05-01,614320,4,32.65,5.47,31.0,10719,175.2,137.5,20.01,134.022,5.43,101.27
2023-05-01,23177662,2,15.26,5.78,16.3,5292,163.8,145.8,10.25,67.67,5.69,35.05
2023-05-08,13419295,1,6.02,6.04,59.9,2180,174.6,148.9,6.02,28.477,4.85,5.02
2023-05-08,7211094,4,24.64,4.71,41.6,6958,86.3,157.8,10.01,97.897,4.9,37.69
2023-05-08,98093514,1,5.13,6.28,5.0,1932,80.5,169.2,5.13,28.675,7.44,15.3
2023-05-08,32658279,5,42.12,7.25,126.0,18314,83.2,134.5,21.04,216.004,8.21,26.87
2023-05-08,27736141,4,25.06,5.78,6.5,8695,169.5,153.8,10.02,117.338,6.26,27.86
2023-05-08,614320,9,101.27,5.43,152.0,33015,175.5,138.8,21.3,406.272,5.54,35.03
2023-05-08,23177662,4,35.05,5.69,68.2,11964,162.0,145.8,10.01,152.987,5.8,35.07
2023-05-15,13419295,1,5.02,4.85,36.1,1460,177.4,148.9,5.02,19.072,5.73,6.08
2023-05-15,7211094,6,37.69,4.9,62.4,11086,86.3,156.7,15.22,151.457,4.79,20.17
2023-05-15,98093514,2,15.3,7.44,46.6,6829,80.5,155.3,10.3,31.809,6.73,16.93
2023-05-15,32658279,2,26.87,8.21,80.4,13231,83.2,130.0,16.77,151.441,5.96,18.27
2023-05-15,27736141,4,27.86,6.26,44.3,10460,166.6,145.6,8.5,133.574,6.39,16.13
2023-05-15,614320,4,35.03,5.54,280.0,11638,174.6,142.0,13.01,145.991,5.44,29.82
2023-05-15,23177662,5,35.07,5.8,30.0,12204,162.2,145.8,10.02,156.056,5.77,36.23
2023-05-22,13419295,1,6.08,5.73,4.4,2090,168.8,141.3,6.08,25.905,5.0,5.02
2023-05-22,7211094,6,20.17,4.79,23.6,5799,86.3,162.9,5.13,83.783,4.78,13.25
2023-05-22,98093514,3,16.93,6.73,22.9,6832,80.5,163.4,6.22,98.127,6.22,15.59
2023-05-22,32658279,3,18.27,5.96,53.4,6530,167.4,155.3,7.2,85.549,6.47,44.87
2023-05-22,27736141,1,16.13,6.39,18.1,6181,165.0,158.3,16.13,85.829,6.25,25.27
2023-05-22,614320,3,29.82,5.44,79.0,9728,174.7,128.1,14.1,109.735,5.79,18.15
2023-05-22,23177662,3,36.23,5.77,44.5,12550,160.8,145.8,21.11,160.48,5.8,40.17
2023-05-29,13419295,1,5.02,5.0,244.0,1504,177.6,151.5,5.02,19.987,5.32,33.14
2023-05-29,7211094,6,13.25,4.78,13.8,3801,86.3,165.5,4.99,55.702,4.75,64.17
2023-05-29,98093514,3,15.59,6.22,14.3,5816,80.5,158.6,10.13,83.347,6.89,12.15
2023-05-29,32658279,5,44.87,6.47,358.7,17409,165.4,135.4,14.14,207.179,6.73,49.59
2023-05-29,27736141,3,25.27,6.25,39.6,9476,164.7,151.1,12.21,125.356,6.19,39.86
2023-05-29,614320,2,18.15,5.79,61.0,6306,174.6,130.5,11.11,72.31,5.05,11.21
2023-05-29,23177662,5,40.17,5.8,70.9,13968,162.4,145.8,10.11,178.613,6.19,48.34
2023-06-05,13419295,3,33.14,5.32,478.6,10579,176.9,155.8,16.02,145.889,5.26,23.22
2023-06-05,7211094,14,64.17,4.75,240.8,18281,86.3,161.6,10.02,264.712,5.05,40.12
2023-06-05,98093514,3,12.15,6.89,20.7,5023,80.5,150.7,5.71,66.435,7.14,15.1
2023-06-05,32658279,4,49.59,6.73,168.8,20021,166.1,140.1,25.19,235.57,6.3,18.56
2023-06-05,27736141,4,39.86,6.19,42.3,14814,167.4,150.9,16.04,200.088,6.46,41.21
2023-06-05,614320,1,11.21,5.05,32.0,3398,174.8,136.9,11.21,40.806,5.31,11.72
2023-06-05,23177662,11,48.34,6.19,180.4,17945,157.6,145.8,5.51,229.468,6.12,52.36
2023-06-12,13419295,3,23.22,5.26,136.8,7323,176.7,147.2,10.02,95.309,4.75,20.03
2023-06-12,7211094,5,40.12,5.05,131.2,12144,86.3,153.7,16.01,163.962,4.82,35.38
2023-06-12,98093514,2,15.1,7.14,15.5,6468,80.5,169.8,10.06,96.197,6.66,10.23
2023-06-12,32658279,2,18.56,6.3,70.8,7011,166.2,141.6,12.12,84.968,4.85,5.02
2023-06-12,27736141,4,41.21,6.46,43.1,15974,164.0,143.3,16.03,202.56,6.78,15.86
2023-06-12,614320,2,11.72,5.31,21.0,3735,174.1,147.9,6.31,48.299,5.39,20.12
2023-06-12,23177662,9,52.36,6.12,84.2,19215,160.4,145.8,15.02,245.708,6.18,50.14
2023-06-19,13419295,2,20.03,4.75,144.0,5709,178.3,127.5,15.02,57.391,4.82,10.03
2023-06-19,7211094,5,35.38,4.82,77.4,10221,86.3,157.5,10.14,141.146,4.72,42.91
2023-06-19,98093514,2,10.23,6.66,15.9,4091,80.5,161.7,5.15,58.062,6.36,14.62
2023-06-19,32658279,1,5.02,4.85,12.7,1460,171.4,154.1,5.02,19.736,6.84,44.15
2023-06-19,27736141,2,15.86,6.78,9.7,6450,162.8,138.5,10.81,77.808,6.56,50.65
2023-06-19,614320,2,20.12,5.39,49.0,6507,174.8,140.6,14.01,80.451,5.36,39.15
2023-06-19,23177662,9,50.14,6.18,363.9,18579,160.1,145.8,16.02,237.575,5.84,39.68
2023-06-26,13419295,1,10.03,4.82,9.6,2899,178.8,158.6,10.03,40.332,4.56,12.1
2023-06-26,7211094,8,42.91,4.72,61.6,12144,86.3,158.3,10.29,170.413,4.73,15.41
2023-06-26,98093514,3,14.62,6.36,26.1,5575,80.5,162.4,5.01,79.52,6.58,10.31
2023-06-26,32658279,4,44.15,6.84,320.0,18119,165.5,137.5,22.03,214.488,5.28,5.84
2023-06-26,27736141,5,50.65,6.56,47.5,19939,163.6,149.0,16.03,235.281,6.22,52.8
2023-06-26,113047789,1,5.1,6.51,13.0,1989,91.6,164.8,5.1,28.758,6.19,16.3
2023-06-26,614320,5,39.15,5.36,50.0,12591,175.9,140.5,16.21,156.498,5.35,39.42
2023-06-26,23177662,8,39.68,5.84,68.8,13913,158.5,145.8,15.14,177.909,6.1,15.59
2023-07-03,13419295,4,12.1,4.56,87.0,3311,175.1,149.7,5.03,45.609,5.08,6.33
2023-07-03,7211094,3,15.41,4.73,70.8,4379,86.3,161.5,6.46,61.935,4.93,32.45
2023-07-03,98093514,2,10.31,6.58,29.3,4069,80.5,168.5,5.29,59.919,6.43,17.46
2023-07-03,32658279,1,5.84,5.28,12.8,1849,168.6,157.2,5.84,25.497,6.25,23.51
2023-07-03,27736141,5,52.8,6.22,44.5,19710,168.1,146.5,17.06,253.607,6.18,39.21
2023-07-03,113047789,4,16.3,6.19,45.7,6053,91.6,170.7,5.03,90.835,6.06,12.77
2023-07-03,614320,3,39.42,5.35,63.0,12660,173.5,144.1,20.11,163.085,5.34,74.46
2023-07-03,23177662,3,15.59,6.1,26.5,5705,159.7,145.8,5.53,72.951,6.11,10.0
2023-07-10,13419295,1,6.33,5.08,45.5,1929,172.6,150.8,6.33,25.517,4.44,5.02
2023-07-10,7211094,5,32.45,4.93,21.6,9599,86.3,156.5,10.1,95.847,5.08,24.09
2023-07-10,98093514,4,17.46,6.43,54.6,6738,80.5,162.5,5.32,97.244,6.46,19.55
2023-07-10,32658279,3,23.51,6.25,100.3,8823,164.5,137.6,10.04,106.038,6.41,6.09
2023-07-10,27736141,5,39.21,6.18,40.2,14533,168.8,146.4,11.11,186.58,6.05,42.93
2023-07-10,113047789,3,12.77,6.06,47.9,4639,91.6,165.8,5.26,67.511,6.15,9.86
2023-07-10,614320,6,74.46,5.34,234.0,23855,175.9,141.6,21.08,307.931,5.3,17.26
2023-07-10,23177662,1,10.0,6.11,83.4,3667,160.0,145.8,10.0,46.891,5.72,33.92
2023-07-17,7211094,5,24.09,5.08,115.6,7338,86.3,150.3,6.52,96.926,4.77,51.49
2023-07-17,98093514,4,19.55,6.46,72.9,7584,80.5,160.3,6.38,107.528,7.36,25.42
2023-07-17,27736141,5,42.93,6.05,129.9,15576,168.6,148.1,21.13,204.895,6.07,17.09
2023-07-17,113047789,2,9.86,6.15,36.2,3639,91.6,170.2,5.03,54.353,6.66,22.44
2023-07-17,614320,2,17.26,5.3,51.0,5484,179.2,144.2,12.22,69.985,5.97,23.43
2023-07-17,23177662,6,33.92,5.72,67.0,11644,159.5,145.8,8.01,148.895,5.89,42.32
2023-07-24,13419295,1,5.02,4.44,36.1,1339,179.8,163.7,5.02,19.228,5.18,22.06
2023-07-24,7211094,8,51.49,4.77,72.8,14734,86.3,155.1,13.32,205.347,4.81,59.91
2023-07-24,98093514,4,25.42,7.36,84.2,11233,80.5,159.5,10.25,155.871,6.47,26.72
2023-07-24,32658279,1,6.09,6.41,24.2,2345,162.6,137.4,6.09,28.263,6.19,5.06
2023-07-24,27736141,2,17.09,6.07,46.8,6224,165.8,147.2,12.07,81.941,6.47,36.99
2023-07-24,113047789,4,22.44,6.66,101.5,8970,91.6,174.0,7.33,136.581,6.13,25.39
2023-07-24,614320,3,23.43,5.97,31.0,8391,176.1,130.3,10.41,94.75,5.82,40.88
2023-07-24,23177662,5,42.32,5.89,90.7,14952,160.2,145.8,10.43,191.195,5.97,44.83
2023-07-31,13419295,3,22.06,5.18,115.9,6850,177.2,150.6,12.03,67.582,4.77,13.72
2023-07-31,7211094,10,59.91,4.81,65.0,17304,86.3,159.4,18.02,246.405,4.98,41.8
2023-07-31,98093514,4,26.72,6.47,28.1,10369,80.5,163.1,12.15,149.649,7.06,30.14
2023-07-31,27736141,4,36.99,6.47,49.2,14364,165.4,144.1,21.17,182.22,6.44,17.05
2023-07-31,113047789,4,25.39,6.13,57.5,9344,91.6,178.3,7.59,146.332,6.28,25.64
2023-07-31,614320,5,40.88,5.82,71.0,14288,165.6,133.6,14.41,165.457,5.8,23.66
2023-07-31,23177662,4,44.83,5.97,60.3,16066,160.2,155.8,21.68,127.166,6.26,10.05
2023-08-07,13419295,2,13.72,4.77,82.7,3926,177.4,150.3,10.03,51.24,4.52,5.1
2023-08-07,7211094,7,41.8,4.98,54.4,12497,86.3,156.8,16.18,165.512,4.82,54.1
2023-08-07,98093514,4,30.14,7.06,31.6,12761,80.5,166.5,15.09,186.215,6.47,27.08
2023-08-07,32658279,1,5.06,6.19,12.4,1881,167.4,135.2,5.06,22.308,6.1,5.44
2023-08-07,27736141,3,17.05,6.44,14.8,6585,163.6,141.9,8.83,81.451,6.26,12.16
2023-08-07,113047789,6,25.64,6.28,51.4,9654,91.6,171.1,5.83,145.699,6.32,25.6
2023-08-07,614320,3,23.66,5.8,72.0,8232,161.7,118.0,11.21,89.04,5.48,19.41
2023-08-07,23177662,2,10.05,6.26,63.7,3776,160.2,145.9,5.04,48.177,5.87,35.09
2023-08-14,13419295,1,5.1,4.52,36.6,1384,149.8,150.9,5.1,18.32,4.6,10.01
2023-08-14,7211094,5,54.1,4.82,94.8,15641,86.3,161.4,21.12,219.892,4.87,39.62
2023-08-14,98093514,3,27.08,6.47,15.3,10507,80.5,164.4,17.05,118.799,6.83,22.28
2023-08-14,27736141,2,12.16,6.26,9.3,4564,165.4,147.5,8.98,58.08,6.35,17.0
2023-08-14,113047789,4,25.6,6.32,72.5,9712,198.0,172.5,7.47,104.892,6.14,25.27
2023-08-14,614320,2,19.41,5.48,30.0,6378,175.5,139.1,14.0,76.907,5.96,18.24
2023-08-14,23177662,6,35.09,5.87,45.3,12347,160.9,152.7,10.02,164.955,6.87,20.03
2023-08-21,13419295,1,10.01,4.6,12.3,2762,178.4,162.5,10.01,39.371,5.64,21.19
2023-08-21,7211094,3,39.62,4.87,65.0,11583,86.3,156.3,21.58,157.623,4.73,58.09
2023-08-21,98093514,3,22.28,6.83,27.8,9132,80.5,159.4,12.21,128.748,6.53,20.13
2023-08-21,27736141,3,17.0,6.35,11.8,6480,162.7,149.0,8.27,84.544,6.48,19.7
2023-08-21,113047789,5,25.27,6.14,58.1,9309,91.6,171.0,8.29,140.474,6.11,5.24
2023-08-21,614320,4,18.24,5.96,25.0,6518,163.3,130.1,5.41,75.4,5.66,37.84
2023-08-21,23177662,3,20.03,6.87,21.9,8254,159.3,138.6,10.01,100.028,6.14,36.31
2023-08-28,7211094,6,58.09,4.73,153.0,16503,86.3,158.5,17.39,229.508,4.73,58.34
2023-08-28,98093514,3,20.13,6.53,30.5,7890,80.5,165.3,10.15,115.023,6.85,10.11
2023-08-28,32658279,1,5.44,6.1,17.9,1992,164.0,147.1,5.44,25.704,6.79,17.25
2023-08-28,27736141,2,19.7,6.48,52.7,7659,161.9,147.8,12.06,100.312,6.35,43.97
2023-08-28,113047789,1,5.24,6.11,6.7,1921,91.6,172.9,5.24,29.135,5.95,25.11
2023-08-28,614320,6,37.84,5.66,84.0,12860,167.4,125.9,8.11,143.611,5.82,40.05
2023-08-28,23177662,3,36.31,6.14,38.2,13386,157.6,156.8,21.28,189.215,5.82,31.08
2023-09-04,13419295,1,21.19,5.64,20.8,7164,175.0,144.1,21.19,90.555,4.77,21.08
2023-09-04,7211094,8,58.34,4.73,319.4,16546,86.3,158.9,21.11,235.535,4.8,42.2
2023-09-04,98093514,1,10.11,6.85,9.5,4152,80.5,178.0,10.11,64.829,7.84,34.08
2023-09-04,27736141,5,43.97,6.35,83.8,16754,166.5,149.6,14.53,219.164,6.34,43.13
2023-09-04,113047789,4,25.11,5.95,55.7,8967,91.6,174.5,8.81,136.455,6.21,22.66
2023-09-04,614320,5,40.05,5.82,45.0,13994,165.0,125.2,11.41,158.658,5.5,22.82
2023-09-04,23177662,5,31.08,5.82,21.2,10862,159.2,151.5,10.02,147.107,6.13,34.76
2023-09-11,13419295,3,21.08,4.77,43.5,6029,180.5,159.0,10.02,63.345,4.78,26.08
2023-09-11,7211094,4,42.2,4.8,230.6,12162,86.3,157.1,23.05,164.81,4.72,56.13
2023-09-11,98093514,4,34.08,7.84,40.0,16040,80.5,159.6,21.25,225.031,6.96,30.23
2023-09-11,32658279,1,17.25,6.79,22.0,7026,164.2,138.9,17.25,85.606,5.96,10.29
2023-09-11,27736141,4,43.13,6.34,67.7,16399,166.1,148.1,17.04,212.409,6.2,45.55
2023-09-11,17584626,1,4.97,5.14,22.0,1535,87.7,189.2,4.97,25.476,4.96,10.68
2023-09-11,113047789,3,22.66,6.21,46.7,8438,202.8,173.2,10.49,129.042,6.09,6.25
2023-09-11,614320,3,22.82,5.5,46.0,7529,172.7,132.5,11.4,87.739,5.31,43.58
2023-09-11,23177662,6,34.76,6.13,52.6,12786,156.1,148.3,15.42,163.384,6.1,36.7
2023-09-18,13419295,3,26.08,4.78,25.8,7475,180.1,158.2,15.03,21.981,5.26,25.2
2023-09-18,7211094,6,56.13,4.72,181.6,15901,86.3,154.6,18.25,214.475,4.97,30.63
2023-09-18,98093514,3,30.23,6.96,24.4,12622,80.5,161.0,21.18,182.238,6.8,31.1
2023-09-18,32658279,2,10.29,5.96,21.2,3681,164.3,145.9,5.23,46.583,6.16,11.65
2023-09-18,27736141,5,45.55,6.2,69.3,16957,163.0,143.4,18.03,221.033,6.27,45.54
2023-09-18,17584626,2,10.68,4.96,19.0,3177,87.7,166.7,5.66,26.657,5.33,6.58
2023-09-18,113047789,1,6.25,6.09,11.7,2283,204.0,173.9,6.25,34.826,5.86,11.36
2023-09-18,614320,4,43.58,5.31,78.0,13880,176.4,135.0,20.01,162.845,5.63,57.38
2023-09-18,23177662,6,36.7,6.1,53.3,13424,156.8,147.7,10.16,172.15,6.23,32.24
2023-09-25,13419295,2,25.2,5.26,26.1,7952,173.5,133.8,17.17,95.325,5.1,27.6
2023-09-25,7211094,4,30.63,4.97,81.6,9127,86.3,150.0,10.14,119.561,4.81,45.06
2023-09-25,98093514,5,31.1,6.8,40.6,12680,80.5,157.8,10.1,178.098,6.81,23.52
2023-09-25,32658279,3,11.65,6.16,16.2,4309,164.2,144.1,5.14,55.075,6.2,5.71
2023-09-25,27736141,6,45.54,6.27,111.0,17139,161.9,136.9,18.02,216.922,6.57,48.93
2023-09-25,17584626,1,6.58,5.33,26.6,2107,87.7,166.7,6.58,30.81,5.97,19.73
2023-09-25,113047789,2,11.36,5.86,21.9,3996,195.2,173.0,6.23,60.635,5.89,6.56
2023-09-25,614320,8,57.38,5.63,88.0,19393,168.0,129.4,14.01,228.738,5.34,39.62
2023-09-25,23177662,6,32.24,6.23,36.6,12059,153.4,139.2,7.04,146.968,6.1,43.21
2023-10-02,13419295,2,27.6,5.1,44.1,8445,178.7,150.3,21.28,115.623,4.6,16.04
2023-10-02,7211094,6,45.06,4.81,89.8,12995,86.3,152.8,12.88,174.004,5.17,56.39
2023-10-02,98093514,3,23.52,6.81,46.4,9616,80.5,156.8,10.04,133.433,6.16,30.75
2023-10-02,32658279,1,5.71,6.2,21.3,2125,164.2,136.6,5.71,25.463,6.8,4.86
2023-10-02,27736141,5,48.93,6.57,42.5,19285,163.2,141.6,21.11,248.48,6.48,48.56
2023-10-02,17584626,3,19.73,5.97,51.4,7071,87.7,173.9,9.52,108.138,5.87,15.02
2023-10-02,113047789,1,6.56,5.89,12.7,2318,188.8,156.9,6.56,31.903,6.09,10.26
2023-10-02,614320,3,39.62,5.34,129.0,12687,174.5,131.3,20.51,146.692,5.13,21.73
2023-10-02,23177662,5,43.21,6.1,27.0,15806,157.6,149.9,15.01,210.755,5.81,34.31
2023-10-09,13419295,2,16.04,4.6,35.0,4430,181.3,159.9,10.02,62.629,4.72,13.38
2023-10-09,7211094,5,56.39,5.17,104.4,17476,86.3,151.9,25.23,153.695,4.89,20.95
2023-10-09,98093514,3,30.75,6.16,118.1,11360,80.5,146.4,21.36,158.862,6.25,10.01
2023-10-09,32658279,1,4.86,6.8,47.7,1983,167.4,152.2,4.86,26.475,5.83,10.92
2023-10-09,27736141,7,48.56,6.48,154.7,18879,158.6,134.1,20.16,237.988,6.32,51.05
2023-10-09,17584626,2,15.02,5.87,126.4,5291,87.7,179.1,10.01,82.011,5.92,14.24
2023-10-09,113047789,2,10.26,6.09,21.3,3752,191.9,166.7,5.17,54.865,6.24,12.66
2023-10-09,614320,3,21.73,5.13,48.0,6685,174.3,139.1,11.21,81.401,5.29,30.32
2023-10-09,23177662,3,34.31,5.81,98.2,11965,159.5,154.9,21.28,166.354,5.87,37.06
2023-10-16,13419295,2,13.38,4.72,25.5,3789,182.0,148.9,7.35,49.496,5.16,39.36
2023-10-16,7211094,2,20.95,4.89,71.8,6151,86.3,149.6,13.97,82.705,4.85,42.34
2023-10-16,98093514,2,10.01,6.25,21.3,3754,80.5,134.8,5.03,44.136,6.22,15.05
2023-10-16,32658279,3,10.92,5.83,26.7,3818,163.3,142.9,5.03,48.458,6.3,35.3
2023-10-16,27736141,5,51.05,6.32,129.0,19370,164.8,141.1,20.11,247.089,6.23,52.43
2023-10-16,17584626,3,14.24,5.92,17.0,5054,87.7,171.4,5.48,76.582,6.27,15.08
2023-10-16,113047789,2,12.66,6.24,40.8,4743,202.0,152.8,7.55,63.162,6.45,27.38
2023-10-16,614320,3,30.32,5.29,122.0,9632,173.3,130.5,13.01,112.568,5.53,13.32
2023-10-16,23177662,5,37.06,5.87,30.4,13046,157.8,153.2,12.01,170.44,6.29,48.59
2023-10-23,13419295,4,39.36,5.16,59.3,12184,181.0,144.5,13.29,114.139,4.85,63.11
2023-10-23,7211094,6,42.34,4.85,119.2,12330,86.3,152.0,15.25,167.03,4.96,47.42
2023-10-23,98093514,2,15.05,6.22,34.4,5613,80.5,142.0,10.06,73.713,6.32,20.07
2023-10-23,32658279,5,35.3,6.3,134.5,13351,166.8,140.2,12.06,163.692,6.0,34.31
2023-10-23,27736141,5,52.43,6.23,151.9,19586,164.8,142.4,20.18,249.998,6.14,47.95
2023-10-23,17584626,2,15.08,6.27,26.6,5670,87.7,167.0,10.02,84.623,5.93,20.01
2023-10-23,113047789,4,27.38,6.45,39.1,10596,191.5,168.1,12.39,154.595,6.08,26.67
2023-10-23,614320,2,13.32,5.53,31.0,4423,166.7,134.2,7.02,51.882,5.37,31.04
2023-10-23,23177662,7,48.59,6.29,106.3,18334,157.9,140.2,14.01,229.418,6.16,10.4
2023-10-30,13419295,4,63.11,4.85,111.3,18375,182.0,150.7,27.02,243.434,5.09,54.6
2023-10-30,7211094,5,47.42,4.96,199.6,14106,86.3,155.3,18.16,189.649,4.83,44.46
2023-10-30,98093514,3,20.07,6.32,42.1,7614,80.5,87.7,10.02,42.79,6.65,32.42
2023-10-30,32658279,5,34.31,6.0,139.5,12349,165.1,144.9,10.03,154.011,6.25,21.19
2023-10-30,27736141,5,47.95,6.14,108.5,17651,165.1,143.4,20.15,226.117,6.39,49.57
2023-10-30,17584626,3,20.01,5.93,39.8,7124,87.7,165.3,10.01,105.063,5.73,23.11
2023-10-30,113047789,4,26.67,6.08,49.3,9729,191.0,173.9,10.36,148.108,6.28,29.08
2023-10-30,614320,4,31.04,5.37,48.0,10005,174.0,135.3,11.11,118.727,5.4,62.64
2023-10-30,23177662,2,10.4,6.16,10.8,3844,164.2,143.3,5.3,48.274,6.62,10.02
2023-11-06,13419295,4,54.6,5.09,84.9,16660,181.1,149.5,25.02,140.915,5.32,53.73
2023-11-06,7211094,6,44.46,4.83,157.0,12874,86.3,161.2,21.96,172.153,4.66,42.18
2023-11-06,98093514,5,32.42,6.65,49.2,12930,80.5,120.8,12.54,113.589,5.8,10.02
2023-11-06,32658279,2,21.19,6.25,282.7,7946,165.0,138.9,13.03,96.944,6.35,9.12
2023-11-06,27736141,5,49.57,6.39,112.4,19005,164.7,135.7,20.07,233.31,6.31,50.39
2023-11-06,17584626,4,23.11,5.73,89.8,7952,87.7,173.4,10.09,112.556,5.58,16.08
2023-11-06,113047789,5,29.08,6.28,68.9,10954,187.7,174.4,10.2,167.257,6.01,20.61
2023-11-06,614320,6,62.64,5.4,82.0,20313,175.5,133.5,19.51,237.982,5.29,61.84
2023-11-06,23177662,2,10.02,6.62,63.5,3982,164.1,142.6,5.01,49.78,5.73,15.03
2023-11-13,13419295,5,53.73,5.32,43.1,17142,171.7,148.6,18.4,115.333,4.49,31.58
2023-11-13,7211094,9,42.18,4.66,96.8,11801,86.3,149.1,10.06,160.407,5.0,71.75
2023-11-13,98093514,1,10.02,5.8,22.5,3485,80.5,163.1,10.02,49.86,7.42,5.02
2023-11-13,32658279,2,9.12,6.35,160.0,3473,163.7,135.4,5.11,41.12,5.99,11.18
2023-11-13,27736141,5,50.39,6.31,146.2,19076,162.5,138.6,20.1,237.687,5.94,44.94
2023-11-13,17584626,3,16.08,5.58,46.0,5385,87.7,167.5,9.87,82.168,5.17,4.98
2023-11-13,113047789,3,20.61,6.01,44.7,7432,198.4,174.0,10.15,114.064,6.0,11.3
2023-11-13,614320,6,61.84,5.29,117.0,19623,175.4,132.4,20.01,225.037,5.2,51.57
2023-11-13,23177662,2,15.03,5.73,48.5,5170,165.4,156.0,10.02,71.558,5.66,10.02
2023-11-20,13419295,2,31.58,4.49,44.7,8498,183.4,156.9,21.53,119.675,5.46,23.64
2023-11-20,7211094,10,71.75,5.0,144.4,21523,86.3,148.7,17.52,278.852,4.66,38.31
2023-11-20,98093514,1,5.02,7.42,12.7,2233,80.5,148.0,5.02,28.99,6.04,10.05
2023-11-20,32658279,2,11.18,5.99,47.7,4021,160.0,145.8,6.11,51.472,6.3,16.31
2023-11-20,27736141,5,44.94,5.94,40.8,16005,166.6,145.8,21.36,213.542,6.19,67.21
2023-11-20,17584626,1,4.98,5.17,20.0,1544,87.7,177.3,4.98,24.013,5.84,20.62
2023-11-20,113047789,2,11.3,6.0,22.4,4066,190.8,168.7,6.17,60.096,6.22,5.08
2023-11-20,614320,7,51.57,5.2,92.0,16092,176.4,133.3,14.01,189.588,5.55,46.05
2023-11-20,23177662,2,10.02,5.66,63.5,3405,166.5,150.5,5.01,44.865,6.29,15.35
2023-11-27,13419295,2,23.64,5.46,10.1,7741,178.9,145.1,13.04,51.014,4.56,27.61
2023-11-27,7211094,6,38.31,4.66,39.6,10709,86.3,154.8,21.28,151.035,5.12,42.54
2023-11-27,98093514,2,10.05,6.04,65.5,3644,80.5,167.1,5.03,53.443,5.98,12.02
2023-11-27,27736141,6,67.21,6.19,138.7,24949,165.8,143.1,20.11,314.909,5.89,41.1
2023-11-27,17584626,3,20.62,5.84,71.2,7219,87.7,174.5,10.1,110.288,5.93,29.64
2023-11-27,113047789,1,5.08,6.22,12.7,1895,192.8,169.6,5.08,28.192,6.38,11.41
2023-11-27,614320,5,46.05,5.55,84.0,15324,170.5,132.0,20.01,175.683,5.35,50.42
2023-11-27,23177662,6,15.35,6.29,38.0,5794,161.9,140.0,5.02,72.573,6.04,28.11
2023-12-04,13419295,2,27.61,4.56,39.1,7558,181.5,170.8,22.58,87.662,5.0,12.45
2023-12-04,7211094,7,42.54,5.12,59.1,13063,86.3,149.3,15.13,173.184,4.92,46.09
2023-12-04,98093514,2,12.02,5.98,24.8,4315,80.5,138.6,7.0,50.75,5.67,18.95
2023-12-04,32658279,3,16.31,6.3,104.2,6168,163.4,140.1,6.05,74.178,6.5,15.51
2023-12-04,27736141,4,41.1,5.89,74.9,14525,166.6,147.7,21.92,193.529,6.24,44.19
2023-12-04,17584626,3,29.64,5.93,141.8,10543,87.7,175.9,14.3,50.008,5.64,24.33
2023-12-04,113047789,2,11.41,6.38,17.0,4369,190.0,155.2,6.04,59.104,5.99,5.2
2023-12-04,614320,4,50.42,5.35,199.0,16175,173.8,128.1,18.1,183.635,5.41,72.04
2023-12-04,23177662,5,28.11,6.04,32.3,10191,167.3,145.5,8.01,130.326,6.64,1.55
2023-12-11,13419295,1,12.45,5.0,16.9,3735,177.8,153.5,12.45,50.291,5.49,33.23
2023-12-11,7211094,5,46.09,4.92,77.4,13595,86.3,155.8,15.6,180.451,4.71,36.19
2023-12-11,98093514,4,18.95,5.67,19.3,6445,151.1,151.0,8.37,91.374,7.03,10.1
2023-12-11,32658279,3,15.51,6.5,89.6,6043,160.1,140.8,9.1,75.919,6.31,8.28
2023-12-11,27736141,3,44.19,6.24,168.6,16548,165.7,144.3,28.02,212.2,6.06,67.1
2023-12-11,17584626,3,24.33,5.64,177.9,8234,87.7,170.9,10.14,74.608,5.32,5.0
2023-12-11,113047789,1,5.2,5.99,4.3,1868,186.2,154.6,5.2,25.333,6.12,11.75
2023-12-11,614320,5,72.04,5.41,207.0,23400,174.6,129.0,21.51,266.686,5.38,38.14
2023-12-11,23177662,1,1.55,6.64,9.5,616,164.6,142.6,1.55,7.705,6.45,35.08
2023-12-18,13419295,3,33.23,5.49,139.9,10948,167.9,154.4,13.2,84.088,7.08,123.04
2023-12-18,7211094,5,36.19,4.71,63.5,10220,86.3,162.1,13.02,143.188,4.81,61.66
2023-12-18,98093514,2,10.1,7.03,163.0,4256,159.0,162.8,5.06,60.139,6.98,5.16
2023-12-18,27736141,5,67.1,6.06,197.3,24385,166.6,144.6,28.05,312.17,6.2,79.18
2023-12-18,17584626,1,5.0,5.32,35.4,1598,87.7,169.4,5.0,23.746,5.63,13.29
2023-12-18,113047789,2,11.75,6.12,24.4,4311,187.4,171.2,6.63,64.282,6.21,13.02
2023-12-18,614320,4,38.14,5.38,110.0,12322,173.4,124.9,11.11,135.656,5.44,61.94
2023-12-18,23177662,6,35.08,6.45,51.8,13570,166.0,146.7,8.01,174.904,6.42,32.95
2023-12-25,13419295,2,123.04,7.08,98.9,52273,159.0,124.3,100.03,89.987,5.87,15.39
2023-12-25,7211094,9,61.66,4.81,185.6,17804,86.3,155.6,13.45,244.194,4.67,51.83
2023-12-25,98093514,1,5.16,6.98,15.0,2160,160.6,162.6,5.16,30.808,6.24,16.29
2023-12-25,32658279,1,8.28,6.31,21.3,3134,161.0,142.2,8.28,39.093,6.36,17.1
2023-12-25,27736141,6,79.18,6.2,68.4,29436,167.2,144.8,20.98,375.837,6.2,62.55
2023-12-25,17584626,2,13.29,5.63,85.0,4485,87.7,168.3,8.29,65.804,5.52,13.63
2023-12-25,113047789,2,13.02,6.21,31.9,4853,191.1,178.0,7.83,75.846,9.2,5.14
2023-12-25,614320,5,61.94,5.44,142.0,20209,173.6,131.4,22.2,231.825,5.41,76.75
2023-12-25,23177662,6,32.95,6.42,197.2,12693,165.3,142.0,10.01,157.949,6.04,40.26
2024-01-01,13419295,2,15.39,5.87,12.5,5420,181.0,135.7,10.37,64.15,5.26,24.38
2024-01-01,7211094,8,51.83,4.67,121.0,14538,86.3,150.1,15.46,194.786,4.86,64.55
2024-01-01,98093514,4,16.29,6.24,61.0,6095,169.6,166.4,5.08,87.531,6.07,15.15
2024-01-01,32658279,2,17.1,6.36,72.0,6526,164.4,141.3,11.91,82.437,7.02,7.15
2024-01-01,27736141,6,62.55,6.2,190.6,23269,169.8,143.7,23.89,294.248,6.5,16.48
2024-01-01,17584626,3,13.63,5.52,34.2,4517,87.7,166.9,5.13,66.728,5.95,10.0
2024-01-01,113047789,1,5.14,9.2,15.8,2837,91.6,164.8,5.14,41.019,6.28,5.21
2024-01-01,614320,7,76.75,5.41,124.0,24925,172.8,124.6,18.1,274.447,4.78,60.92
2024-01-01,23177662,6,40.26,6.04,109.4,14597,165.1,149.7,15.01,192.336,6.14,35.19
2024-01-08,13419295,2,24.38,5.26,24.8,7690,181.3,164.5,16.36,34.92,5.42,38.09
2024-01-08,7211094,7,64.55,4.86,159.7,18820,173.7,151.4,16.02,248.952,4.76,63.86
2024-01-08,98093514,4,15.15,6.07,16.0,5519,163.0,165.3,10.03,82.985,7.25,13.09
2024-01-08,32658279,1,7.15,7.02,26.1,3011,158.2,136.7,7.15,36.106,6.23,31.08
2024-01-08,27736141,2,16.48,6.5,9.9,6429,164.3,137.3,11.44,77.149,6.05,94.74
2024-01-08,17584626,2,10.0,5.95,60.8,3569,87.7,155.3,5.08,48.646,5.78,15.1
2024-01-08,113047789,1,5.21,6.28,12.2,1962,193.0,173.2,5.21,29.809,6.32,25.83
2024-01-08,614320,7,60.92,4.78,138.0,17481,175.5,135.1,15.01,208.872,5.46,54.93
2024-01-08,23177662,5,35.19,6.14,82.3,12965,164.1,145.5,10.02,163.827,6.22,35.16
2024-01-15,13419295,3,38.09,5.42,32.0,12391,175.7,137.5,23.04,89.411,5.2,19.49
2024-01-15,7211094,7,63.86,4.76,118.3,18239,179.1,150.0,21.18,239.932,4.62,47.65
2024-01-15,32658279,3,31.08,6.23,144.4,11619,164.7,148.4,20.02,144.438,5.8,40.54
2024-01-15,27736141,6,94.74,6.05,302.8,34414,167.8,146.4,22.96,445.787,5.85,55.89
2024-01-15,17584626,3,15.1,5.78,26.0,5238,87.7,165.6,5.07,76.04,5.89,21.25
2024-01-15,113047789,4,25.83,6.32,43.5,9789,190.5,175.3,10.26,151.145,6.02,17.32
2024-01-15,614320,8,54.93,5.46,252.0,17980,172.2,137.1,13.51,215.292,5.12,97.36
2024-01-15,23177662,7,35.16,6.22,56.7,13125,165.8,142.2,5.08,162.859,5.97,31.7
2024-01-22,13419295,3,19.49,5.2,5.0,6076,178.8,155.9,8.23,81.556,5.87,63.04
2024-01-22,7211094,7,47.65,4.62,247.1,13203,177.0,149.7,10.06,175.239,4.66,31.82
2024-01-22,32658279,3,40.54,5.8,80.3,14097,163.3,150.5,22.03,185.27,6.36,40.94
2024-01-22,27736141,5,55.89,5.85,157.0,19618,168.0,144.3,20.16,217.305,6.22,48.29
2024-01-22,17584626,4,21.25,5.89,39.4,7514,87.7,159.5,6.2,104.939,5.86,29.9
2024-01-22,113047789,4,17.32,6.02,40.9,6253,183.6,169.5,6.01,64.843,6.39,26.11
2024-01-22,614320,11,97.36,5.12,137.0,29931,174.5,125.3,17.21,335.614,5.17,64.98
2024-01-22,23177662,5,31.7,5.97,116.4,11354,166.4,146.6,11.56,146.335,5.7,33.1
2024-01-29,13419295,3,63.04,5.87,283.5,22216,187.0,144.2,40.02,277.9,5.24,8.32
2024-01-29,7211094,5,31.82,4.66,289.1,8899,180.4,157.5,10.04,123.115,4.61,64.51
2024-01-29,32658279,4,40.94,6.36,156.7,15611,159.3,144.6,24.06,192.593,5.99,34.39
2024-01-29,27736141,4,48.29,6.22,126.7,18033,166.3,145.3,20.04,204.376,6.04,67.48
2024-01-29,17584626,5,29.9,5.86,161.0,10506,87.7,161.9,12.01,148.322,5.86,25.4
2024-01-29,113047789,4,26.11,6.39,86.6,10013,184.5,160.5,10.74,142.414,6.31,20.75
2024-01-29,614320,9,64.98,5.17,133.0,20149,172.9,127.1,11.01,226.813,5.11,53.17
2024-01-29,23177662,5,33.1,5.7,71.3,11324,167.1,148.0,11.01,150.689,5.97,46.19
2024-02-05,13419295,1,8.32,5.24,2.3,2617,185.4,148.9,8.32,34.186,5.9,7.47
2024-02-05,7211094,7,64.51,4.61,156.4,17851,178.9,153.0,23.94,241.336,4.56,62.51
2024-02-05,32658279,4,34.39,5.99,148.7,12368,166.0,145.8,16.04,152.15,6.78,34.38
2024-02-05,27736141,5,67.48,6.04,199.0,24437,166.9,143.3,24.12,310.087,6.08,62.88
2024-02-05,17584626,4,25.4,5.86,172.0,8930,87.7,158.2,11.02,125.363,6.11,30.19
2024-02-05,113047789,3,20.75,6.31,37.8,7853,184.6,170.3,10.26,118.261,6.04,28.28
2024-02-05,614320,7,53.17,5.11,198.0,16309,174.8,131.1,11.02,187.109,4.85,59.94
2024-02-05,23177662,4,46.19,5.97,70.3,16556,167.4,152.1,21.13,216.793,6.05,45.66
2024-02-12,13419295,2,7.47,5.9,31.8,2645,142.4,159.7,6.06,36.724,4.63,13.15
2024-02-12,7211094,5,62.51,4.56,129.3,17120,86.3,154.6,25.18,233.526,4.71,50.24
2024-02-12,98093514,2,13.09,7.25,22.0,5694,153.9,169.9,8.01,85.521,6.83,20.07
2024-02-12,32658279,3,34.38,6.78,363.3,13980,155.8,144.6,18.02,174.095,5.38,29.38
2024-02-12,27736141,6,62.88,6.08,177.2,22938,168.3,144.1,20.04,252.584,6.64,68.71
2024-02-12,17584626,5,30.19,6.11,176.0,11077,87.7,151.0,12.04,152.456,5.9,44.24
2024-02-12,113047789,4,28.28,6.04,86.5,10246,189.0,173.1,12.5,159.374,6.01,24.23
2024-02-12,614320,6,59.94,4.85,201.0,17435,175.6,132.9,17.21,206.017,4.95,43.61
2024-02-12,23177662,5,45.66,6.05,126.2,16566,166.6,142.3,21.21,211.258,5.64,41.16
2024-02-19,13419295,2,13.15,4.63,51.4,3651,168.0,150.0,8.58,48.244,4.74,16.57
2024-02-19,7211094,5,50.24,4.71,89.6,14190,86.3,154.1,26.23,189.684,4.76,53.96
2024-02-19,98093514,3,20.07,6.83,21.0,8226,161.3,169.8,10.05,120.632,6.63,20.11
2024-02-19,32658279,6,29.38,5.38,118.3,9485,165.0,146.1,10.03,126.336,5.89,53.74
2024-02-19,27736141,5,68.71,6.64,241.9,27375,163.1,139.4,30.01,331.593,6.17,71.85
2024-02-19,17584626,6,44.24,5.9,202.9,15673,87.7,162.8,13.61,148.654,5.83,20.94
2024-02-19,113047789,3,24.23,6.01,65.0,8743,183.8,165.9,13.62,129.705,6.25,28.17
2024-02-19,614320,7,43.61,4.95,102.0,12943,175.3,135.2,10.11,156.969,4.86,4.77
2024-02-19,23177662,4,41.16,5.64,14.2,13923,167.2,153.0,21.11,187.555,5.7,36.64
2024-02-26,13419295,2,16.57,4.74,4.6,4709,189.4,150.5,12.0,14.641,4.7,5.05
2024-02-26,7211094,10,53.96,4.76,123.2,15402,86.3,153.8,10.14,213.086,4.71,70.25
2024-02-26,98093514,3,20.11,6.63,58.0,8003,164.5,155.6,10.07,106.365,6.24,21.17
2024-02-26,32658279,6,53.74,5.89,156.6,19004,168.4,143.3,28.4,237.865,6.89,7.03
2024-02-26,27736141,5,71.85,6.17,60.6,26602,165.1,142.6,29.55,334.87,6.19,65.1
2024-02-26,17584626,3,20.94,5.83,223.2,7330,87.7,158.5,10.01,103.3,6.08,23.44
2024-02-26,113047789,4,28.17,6.25,50.8,10572,185.9,173.6,10.22,116.135,5.88,13.25
2024-02-26,614320,1,4.77,4.86,7.0,1393,174.0,128.4,4.77,15.69,5.33,38.03
2024-02-26,23177662,5,36.64,5.7,58.1,12523,167.4,145.4,10.46,168.76,5.87,33.08
2024-03-04,7211094,7,70.25,4.71,166.9,19847,86.3,151.9,18.17,264.52,4.78,76.56
2024-03-04,98093514,3,21.17,6.24,49.0,7930,167.0,167.3,10.04,115.732,6.55,29.56
2024-03-04,32658279,1,7.03,6.89,24.2,2908,158.4,133.9,7.03,34.156,12.01,1.17
2024-03-04,27736141,5,65.1,6.19,203.5,24180,167.7,143.2,24.02,304.626,6.31,72.78
2024-03-04,17584626,6,23.44,6.08,298.0,8549,87.7,155.3,6.03,116.863,6.24,36.95
2024-03-04,614320,6,38.03,5.33,29.0,12169,174.1,127.9,24.21,139.949,5.33,46.01
2024-03-04,23177662,5,33.08,5.87,59.5,11653,166.3,149.6,10.01,150.227,5.75,36.19
2024-03-11,13419295,1,5.05,4.7,36.3,1426,149.2,148.9,5.05,18.628,4.8,17.03
2024-03-11,7211094,8,76.56,4.78,232.9,21976,178.8,150.4,30.07,286.058,4.66,80.83
2024-03-11,98093514,5,29.56,6.55,83.0,11614,165.6,163.5,7.07,166.914,6.32,30.5
2024-03-11,32658279,1,1.17,12.01,6.4,841,153.0,103.9,1.17,7.665,7.2,30.19
2024-03-11,27736141,6,72.78,6.31,188.9,27565,167.6,142.5,27.01,346.856,6.44,78.64
2024-03-11,17584626,6,36.95,6.24,206.0,13833,87.7,165.3,15.01,167.903,6.27,34.85
2024-03-11,614320,6,46.01,5.33,153.0,14719,175.1,127.5,10.11,165.245,5.37,67.72
2024-03-11,23177662,4,36.19,5.75,330.4,12495,163.4,158.4,21.15,174.29,5.87,22.63
2024-03-18,13419295,2,17.03,4.8,17.9,4907,182.7,148.9,12.02,64.1,7.55,7.04
2024-03-18,7211094,7,80.83,4.66,102.4,22584,166.4,155.7,34.01,305.995,4.73,44.62
2024-03-18,98093514,4,30.5,6.32,85.0,11572,166.8,169.3,10.01,171.616,6.23,33.18
2024-03-18,32658279,4,30.19,7.2,92.8,13050,149.9,121.4,15.22,141.264,6.0,56.5
2024-03-18,27736141,5,78.64,6.44,223.3,30375,164.6,138.5,30.02,372.955,6.67,78.5
2024-03-18,17584626,5,34.85,6.27,275.2,13112,87.7,163.1,16.09,185.693,6.18,30.68
2024-03-18,113047789,3,13.25,5.88,19.6,4674,190.5,166.6,5.79,68.869,6.6,5.19
2024-03-18,614320,8,67.72,5.37,174.0,21830,172.9,130.7,16.01,249.55,5.57,41.64
2024-03-18,23177662,5,22.63,5.87,39.3,7968,163.1,153.7,6.01,104.182,6.12,41.76
2024-03-25,13419295,1,7.04,7.55,110.0,3191,148.8,148.9,7.04,41.684,5.65,24.22
2024-03-25,7211094,6,44.62,4.73,182.3,12656,180.4,152.3,10.84,168.373,4.58,77.78
2024-03-25,98093514,4,33.18,6.23,87.0,12397,165.3,161.4,11.0,175.923,6.15,25.58
2024-03-25,32658279,4,56.5,6.0,325.4,20344,163.3,141.1,21.26,249.065,6.06,68.09
2024-03-25,27736141,5,78.5,6.67,180.8,31397,164.8,140.2,32.01,380.61,6.13,72.33
2024-03-25,17584626,5,30.68,6.18,148.4,11371,87.7,160.3,12.08,160.256,6.04,27.97
2024-03-25,113047789,1,5.19,6.6,14.5,2053,186.2,168.5,5.19,30.345,6.26,26.91
2024-03-25,614320,6,41.64,5.57,92.0,13907,173.3,124.5,13.01,148.512,5.3,68.38
2024-03-25,23177662,6,41.76,6.12,68.5,15323,162.3,143.0,12.1,191.744,5.66,44.97
2024-04-01,13419295,3,24.22,5.65,99.0,8208,175.8,148.9,10.03,107.221,6.16,17.67
2024-04-01,7211094,11,77.78,4.58,134.0,21381,173.3,151.5,21.15,289.56,4.75,74.62
2024-04-01,98093514,5,25.58,6.15,109.0,9432,163.2,165.9,6.5,137.667,6.15,32.18
2024-04-01,32658279,5,68.09,6.06,334.5,24758,163.5,138.9,28.07,301.614,5.99,53.96
2024-04-01,27736141,6,72.33,6.13,196.9,26602,169.8,142.4,24.04,332.701,6.31,72.72
2024-04-01,17584626,5,27.97,6.04,257.6,10129,87.7,160.0,14.02,144.143,5.84,26.73
2024-04-01,113047789,4,26.91,6.26,52.0,10101,182.9,171.2,8.67,150.647,6.33,10.29
2024-04-01,614320,8,68.38,5.3,151.0,21728,176.1,120.9,17.02,229.305,5.2,37.49
2024-04-01,23177662,5,44.97,5.66,60.4,15282,167.2,153.8,21.28,212.002,6.27,35.57
2024-04-08,13419295,2,17.67,6.16,784.4,6533,153.1,148.9,13.03,85.341,5.66,12.51
2024-04-08,7211094,6,74.62,4.75,55.1,21287,176.5,149.9,25.02,285.07,4.84,60.1
2024-04-08,98093514,5,32.18,6.15,75.0,11870,163.9,148.4,10.04,160.081,6.17,29.76
2024-04-08,32658279,4,53.96,5.99,220.6,19382,163.6,144.5,25.01,246.564,6.0,71.18
2024-04-08,27736141,6,72.72,6.31,195.0,27542,167.3,139.9,27.02,337.522,6.8,84.33
2024-04-08,17584626,4,26.73,5.84,56.6,9365,87.7,162.5,10.01,134.863,6.24,34.16
2024-04-08,113047789,1,10.29,6.33,12.1,3910,176.2,171.2,10.29,58.719,5.99,15.62
2024-04-08,614320,6,37.49,5.2,38.0,11691,176.5,126.1,10.04,129.715,5.45,44.75
2024-04-08,23177662,5,35.57,6.27,111.9,13389,162.8,145.5,10.3,169.685,6.06,70.23
2024-04-15,13419295,1,12.51,5.66,89.9,4244,174.6,148.9,12.51,55.439,5.47,36.63
2024-04-15,7211094,7,60.1,4.84,114.4,17443,176.0,151.3,13.24,227.165,4.64,55.73
2024-04-15,98093514,4,29.76,6.17,55.0,11013,166.5,160.3,13.01,157.761,6.36,42.24
2024-04-15,32658279,4,71.18,6.0,391.4,25632,166.2,142.6,38.04,323.552,6.02,59.61
2024-04-15,27736141,6,84.33,6.8,220.4,34387,165.1,139.7,28.31,412.118,6.69,87.68
2024-04-15,17584626,6,34.16,6.24,120.6,12794,87.7,164.2,15.13,176.419,6.02,24.31
2024-04-15,113047789,3,15.62,5.99,32.1,5611,187.0,167.9,5.31,82.631,6.34,14.85
2024-04-15,614320,6,44.75,5.45,80.0,14645,175.4,121.8,12.11,151.299,5.38,66.87
2024-04-15,23177662,7,70.23,6.06,109.4,25523,166.5,149.8,10.15,333.47,5.78,47.56
2024-04-22,13419295,3,36.63,5.47,10.4,12029,175.7,148.9,16.02,157.135,5.64,27.66
2024-04-22,7211094,4,55.73,4.64,143.5,15524,86.3,149.1,42.3,210.765,5.48,5.71
2024-04-22,98093514,6,42.24,6.36,116.0,16124,163.7,156.6,11.07,229.78,5.87,29.97
2024-04-22,32658279,4,59.61,6.02,453.8,21540,165.5,138.4,26.04,209.346,6.38,67.35
2024-04-22,27736141,7,87.68,6.69,239.0,35219,165.6,139.7,32.07,419.651,6.19,69.53
2024-04-22,17584626,5,24.31,6.02,46.6,8783,87.7,151.3,8.24,125.868,5.52,30.24
2024-04-22,113047789,2,14.85,6.34,18.9,5648,193.8,160.4,10.25,52.158,5.75,10.5
2024-04-22,614320,7,66.87,5.38,107.0,21591,174.8,123.1,18.1,231.805,5.3,23.53
2024-04-22,23177662,7,47.56,5.78,69.1,16501,164.9,148.8,10.07,220.05,5.55,33.17
2024-04-29,13419295,3,27.66,5.64,130.6,9360,168.3,148.9,12.57,122.27,5.25,23.81
2024-04-29,98093514,6,29.97,5.87,69.0,10550,168.7,154.0,10.01,143.309,6.24,37.26
2024-04-29,32658279,3,67.35,6.38,1044.4,25792,164.9,143.4,42.29,324.604,5.91,37.08
2024-04-29,27736141,6,69.53,6.19,182.3,25836,167.9,143.1,24.01,321.997,6.13,50.69
2024-04-29,17584626,6,30.24,5.52,73.4,10010,87.7,166.3,10.02,146.19,6.22,25.34
2024-04-29,113047789,2,10.5,5.75,18.8,3618,192.4,168.7,5.31,53.507,6.22,21.83
2024-04-29,614320,4,23.53,5.3,44.0,7482,177.6,125.1,11.02,79.682,5.56,55.17
2024-04-29,23177662,6,33.17,5.55,47.0,11042,164.5,146.8,10.01,149.11,6.4,42.62
2024-05-06,13419295,3,23.81,5.25,40.0,7499,170.0,148.9,10.71,97.96,5.32,21.09
2024-05-06,7211094,2,5.71,5.48,7.5,1877,86.3,143.1,3.71,23.777,5.02,39.83
2024-05-06,98093514,5,37.26,6.24,76.0,13958,168.9,160.6,15.01,198.954,5.95,40.34
2024-05-06,32658279,4,37.08,5.91,229.5,13150,166.5,142.1,10.03,163.147,5.66,52.11
2024-05-06,27736141,5,50.69,6.13,54.1,18654,168.5,143.6,17.69,234.102,6.2,61.61
2024-05-06,17584626,4,25.34,6.22,83.2,9453,87.7,166.1,10.02,136.513,6.25,23.7
2024-05-06,113047789,3,21.83,6.22,35.8,8151,180.7,164.6,10.16,119.083,6.05,15.56
2024-05-06,614320,7,55.17,5.56,80.0,18403,173.8,121.1,17.01,190.679,5.33,64.77
2024-05-06,23177662,5,42.62,6.4,65.3,16366,162.5,147.1,21.13,202.171,6.2,23.39
2024-05-13,13419295,3,21.09,5.32,55.4,6727,171.5,156.1,8.02,91.36,5.96,21.16
2024-05-13,7211094,4,39.83,5.02,16.4,11996,86.3,163.8,18.71,170.729,4.71,22.82
2024-05-13,98093514,6,40.34,5.95,120.0,14397,172.0,158.9,17.01,204.853,6.09,44.73
2024-05-13,32658279,2,52.11,5.66,568.4,17686,166.8,143.8,44.55,225.862,6.23,11.58
2024-05-13,27736141,5,61.61,6.2,191.2,22923,167.3,143.8,27.03,287.987,6.44,83.35
2024-05-13,17584626,3,23.7,6.25,37.4,8885,87.7,164.6,11.65,128.003,6.19,32.87
2024-05-13,113047789,3,15.56,6.05,21.9,5650,187.7,164.7,5.21,81.577,5.62,10.93
2024-05-13,614320,7,64.77,5.33,156.0,20700,176.7,122.5,20.11,218.615,6.07,1.01
2024-05-13,23177662,3,23.39,6.2,14.0,8704,162.9,146.4,10.01,112.103,6.39,50.19
2024-05-20,13419295,2,21.16,5.96,37.8,7567,178.4,154.6,15.14,80.663,5.68,26.4
2024-05-20,7211094,4,22.82,4.71,74.2,6442,86.3,158.2,8.11,88.967,4.85,56.88
2024-05-20,98093514,4,44.73,6.09,128.0,16357,172.5,160.7,21.11,229.549,6.35,26.99
2024-05-20,32658279,2,11.58,6.23,79.6,4325,167.2,143.3,6.35,54.209,6.2,15.08
2024-05-20,27736141,6,83.35,6.44,282.4,32220,166.9,138.3,32.09,396.675,6.49,66.41
2024-05-20,17584626,5,32.87,6.19,130.0,12208,87.7,162.3,14.05,174.264,6.14,33.24
2024-05-20,113047789,2,10.93,5.62,16.5,3689,187.0,161.3,5.76,52.082,6.04,20.74
2024-05-20,614320,1,1.01,6.07,4.0,367,174.4,109.3,1.01,3.519,5.52,63.62
2024-05-20,23177662,4,50.19,6.39,61.2,19242,162.6,151.6,30.01,250.972,6.22,21.17
2024-05-27,13419295,4,26.4,5.68,28.0,8991,178.2,144.6,11.03,116.873,5.42,30.77
2024-05-27,7211094,6,56.88,4.85,313.9,16564,86.3,156.6,13.77,231.887,4.55,15.07
2024-05-27,98093514,6,26.99,6.35,71.0,10289,159.7,150.1,10.0,139.076,6.08,43.41
2024-05-27,32658279,2,15.08,6.2,264.0,5610,168.7,141.1,14.02,74.992,5.78,17.52
2024-05-27,27736141,6,66.41,6.49,211.1,25846,167.2,142.6,24.01,317.143,6.36,78.36
2024-05-27,17584626,4,33.24,6.14,90.6,12251,87.7,164.1,18.7,174.453,6.04,23.47
2024-05-27,113047789,3,20.74,6.04,28.7,7518,195.2,159.1,10.27,106.144,5.89,15.31
2024-05-27,614320,9,63.62,5.52,407.0,21057,177.8,123.2,13.75,228.47,5.31,72.77
2024-05-27,23177662,4,21.17,6.22,18.7,7896,160.9,146.9,6.02,100.681,6.47,60.33
2024-06-03,13419295,4,30.77,5.42,186.7,10006,161.9,134.2,13.1,98.494,5.84,34.8
2024-06-03,7211094,2,15.07,4.55,7.1,4118,86.3,155.6,10.02,56.394,4.81,29.08
2024-06-03,98093514,5,43.41,6.08,60.0,15846,169.0,166.6,21.1,234.4,5.97,43.38
2024-06-03,32658279,3,17.52,5.78,63.6,6074,167.7,143.4,7.61,77.204,5.93,42.4
2024-06-03,27736141,6,78.36,6.36,178.8,29888,167.6,142.4,27.16,374.947,6.28,81.65
2024-06-03,17584626,3,23.47,6.04,60.2,8507,87.7,167.8,12.38,126.357,6.24,33.26
2024-06-03,113047789,3,15.31,5.89,32.7,5415,189.9,166.9,5.13,79.229,6.04,10.35
2024-06-03,614320,9,72.77,5.31,214.0,23181,178.2,123.0,18.01,247.811,5.09,69.8
2024-06-03,23177662,11,60.33,6.47,266.6,23437,157.0,143.1,10.01,293.917,6.09,39.34
2024-06-10,13419295,4,34.8,5.84,146.2,12184,163.9,145.2,15.03,64.117,5.68,40.85
2024-06-10,7211094,4,29.08,4.81,99.4,8386,86.3,154.8,10.05,86.402,4.87,33.47
2024-06-10,98093514,4,43.38,5.97,84.0,15526,165.6,153.5,20.01,213.205,5.82,37.08
2024-06-10,32658279,5,42.4,5.93,230.6,15091,165.9,146.7,21.25,196.832,5.85,19.77
2024-06-10,27736141,7,81.65,6.28,194.1,30743,167.9,142.9,21.55,384.567,6.4,81.02
2024-06-10,17584626,3,33.26,6.24,100.0,12457,87.7,163.3,21.12,180.627,5.89,30.41
2024-06-10,113047789,2,10.35,6.04,12.5,3753,188.5,171.3,5.2,56.364,5.94,10.27
2024-06-10,614320,7,69.8,5.09,111.0,21335,177.3,128.3,26.01,238.268,5.34,35.16
2024-06-10,23177662,5,39.34,6.09,72.1,14383,155.7,143.0,21.33,185.407,5.88,41.2
2024-06-17,13419295,4,40.85,5.68,302.0,13928,161.5,111.8,16.55,21.811,5.81,19.54
2024-06-17,7211094,3,33.47,4.87,275.1,9788,86.3,156.2,15.23,133.565,4.61,29.0
2024-06-17,98093514,4,37.08,5.82,61.0,12946,169.2,156.8,15.01,176.689,6.0,27.12
2024-06-17,32658279,2,19.77,5.85,114.0,6944,165.8,146.3,14.7,89.678,5.96,64.05
2024-06-17,27736141,6,81.02,6.4,235.2,31109,167.4,142.6,24.3,382.497,6.17,86.09
2024-06-17,17584626,4,30.41,5.89,79.2,10742,87.7,167.3,14.01,159.092,5.95,20.08
2024-06-17,113047789,2,10.27,5.94,12.5,3661,190.2,156.4,5.14,50.317,5.94,10.34
2024-06-17,614320,6,35.16,5.34,73.0,11274,179.5,126.4,11.01,124.812,5.3,23.22
2024-06-17,23177662,5,41.2,5.88,58.3,14538,162.2,147.7,21.12,192.687,5.68,20.9
2024-06-24,13419295,2,19.54,5.81,141.5,6805,165.0,148.9,10.52,88.894,5.44,52.07
2024-06-24,7211094,3,29.0,4.61,45.9,8025,86.3,165.5,11.78,88.061,4.72,46.16
2024-06-24,98093514,4,27.12,6.0,86.0,9759,167.8,152.3,10.07,128.937,5.89,28.64
2024-06-24,32658279,5,64.05,5.96,264.8,22904,165.2,146.2,23.03,291.731,6.42,28.07
2024-06-24,27736141,7,86.09,6.17,253.8,31888,168.9,142.2,27.23,400.643,6.52,83.78
2024-06-24,17584626,3,20.08,5.95,45.2,7171,87.7,165.4,10.02,103.741,6.11,5.04
2024-06-24,113047789,2,10.34,5.94,28.1,3683,183.4,167.0,5.19,53.939,5.94,10.38
2024-06-24,614320,2,23.22,5.3,106.0,7382,177.2,121.2,13.21,78.732,5.16,23.04
2024-06-24,23177662,3,20.9,5.68,6.8,7126,162.7,146.0,10.02,90.033,6.1,17.88
2024-07-01,13419295,5,52.07,5.44,409.1,16983,180.6,148.0,19.06,223.559,5.43,62.83
2024-07-01,7211094,4,46.16,4.72,83.0,13065,86.3,155.9,21.11,178.594,4.82,19.91
2024-07-01,98093514,2,28.64,5.89,56.0,10125,168.3,173.7,21.12,156.055,6.11,15.04
2024-07-01,32658279,1,28.07,6.42,409.4,10812,162.6,148.3,28.07,140.651,5.78,50.75
2024-07-01,27736141,6,83.78,6.52,110.7,32767,166.6,140.1,32.07,404.017,6.65,85.97
2024-07-01,17584626,1,5.04,6.11,10.4,1846,87.7,158.7,5.04,25.698,6.48,6.0
2024-07-01,113047789,2,10.38,5.94,12.2,3699,190.2,159.8,5.24,51.89,6.11,15.31
2024-07-01,614320,4,23.04,5.16,54.0,7137,182.4,128.1,11.01,79.997,5.43,73.93
2024-07-01,23177662,4,17.88,6.1,26.2,6542,162.9,141.8,6.01,82.179,6.73,5.01
2024-07-08,13419295,5,62.83,5.43,379.3,20481,181.9,144.6,24.02,255.209,5.4,49.49
2024-07-08,7211094,4,19.91,4.82,97.2,5762,86.3,160.9,7.8,47.52,4.6,30.89
2024-07-08,98093514,2,15.04,6.11,63.0,5508,167.2,171.5,10.02,55.211,5.79,25.73
2024-07-08,32658279,4,50.75,5.78,236.9,17599,164.2,146.0,24.08,229.279,5.69,52.28
2024-07-08,27736141,7,85.97,6.65,90.4,34307,164.3,137.3,35.01,422.131,6.59,90.68
2024-07-08,17584626,2,6.0,6.48,10.6,2332,87.7,144.8,5.03,31.197,5.92,15.02
2024-07-08,113047789,2,15.31,6.11,22.8,5610,184.2,172.9,10.16,85.146,5.97,15.3
2024-07-08,614320,7,73.93,5.43,212.0,24101,176.5,128.8,22.01,266.827,5.12,39.76
2024-07-08,23177662,1,5.01,6.73,31.8,2026,164.0,141.8,5.01,25.201,6.84,38.23
2024-07-15,13419295,4,49.49,5.4,48.3,16044,180.3,141.4,19.51,198.122,6.07,47.46
2024-07-15,7211094,3,30.89,4.6,167.6,8525,86.3,160.5,20.77,122.622,4.88,51.6
2024-07-15,98093514,4,25.73,5.79,71.0,8943,167.9,163.3,10.01,130.241,6.28,33.61
2024-07-15,32658279,5,52.28,5.69,248.0,17849,162.9,145.8,15.11,229.527,5.93,59.03
2024-07-15,27736141,6,90.68,6.59,119.0,35845,163.0,140.4,35.02,448.241,6.45,55.48
2024-07-15,17584626,2,15.02,5.92,97.8,5332,87.7,165.3,10.01,78.605,5.77,12.27
2024-07-15,113047789,2,15.3,5.97,87.3,5484,184.0,167.3,10.08,80.372,6.09,5.07
2024-07-15,614320,5,39.76,5.12,203.0,12210,179.2,134.7,21.28,145.138,5.56,19.42
2024-07-15,23177662,3,38.23,6.84,139.4,15701,160.7,147.9,21.2,199.66,5.79,15.34
2024-07-22,13419295,4,47.46,6.07,8.2,17298,176.3,128.4,16.01,191.036,5.83,61.42
2024-07-22,7211094,5,51.6,4.88,51.2,15117,172.2,157.9,18.01,211.773,4.83,31.32
2024-07-22,98093514,5,33.61,6.28,94.0,12658,166.2,156.4,15.0,183.328,6.12,28.33
2024-07-22,32658279,4,59.03,5.93,302.4,21008,164.3,144.7,27.72,270.292,6.3,68.55
2024-07-22,27736141,5,55.48,6.45,63.5,21480,165.0,139.4,21.48,268.401,6.16,42.51
2024-07-22,17584626,3,12.27,5.77,3.2,4246,87.7,158.4,5.28,59.138,5.57,5.16
2024-07-22,113047789,1,5.07,6.09,21.0,1852,91.6,164.8,5.07,26.777,5.9,12.82
2024-07-22,614320,4,19.42,5.56,57.0,6476,179.2,124.9,7.0,70.388,5.87,28.95
2024-07-22,23177662,3,15.34,5.79,24.6,5334,163.5,159.7,5.2,74.476,6.7,52.17
2024-07-29,13419295,4,61.42,5.83,58.2,21472,182.3,135.7,30.03,258.984,5.34,77.51
2024-07-29,7211094,4,31.32,4.83,45.2,9082,176.4,155.8,11.18,124.324,4.98,47.25
2024-07-29,98093514,4,28.33,6.12,107.0,10403,166.2,166.2,10.0,151.411,5.93,14.03
2024-07-29,32658279,7,68.55,6.3,636.0,25901,164.1,142.5,34.03,292.914,6.11,30.08
2024-07-29,27736141,5,42.51,6.16,51.6,15705,164.8,143.9,16.02,200.739,5.96,57.43
2024-07-29,17584626,1,5.16,5.57,17.0,1725,87.7,166.5,5.16,25.194,5.63,10.02
2024-07-29,614320,5,28.95,5.87,127.0,10193,179.7,130.8,11.1,116.05,5.39,56.56
2024-07-29,23177662,5,52.17,6.7,45.0,20963,160.7,146.5,25.01,256.73,6.29,50.06
2024-08-05,13419295,7,77.51,5.34,50.1,24825,181.8,141.9,34.02,316.035,5.87,39.56
2024-08-05,7211094,6,47.25,4.98,29.9,14117,86.3,154.1,14.32,191.228,5.0,19.34
2024-08-05,98093514,3,14.03,5.93,17.0,4993,165.1,158.4,5.01,69.824,5.79,12.51
2024-08-05,32658279,3,30.08,6.11,171.8,11021,159.3,146.0,12.11,142.298,6.23,62.3
2024-08-05,27736141,4,57.43,5.96,381.0,20553,167.8,147.0,42.87,279.183,8.77,13.09
2024-08-05,17584626,2,10.02,5.63,28.4,3386,87.7,163.9,5.02,48.479,5.97,9.89
2024-08-05,113047789,2,12.82,5.9,30.2,4541,189.4,164.4,7.62,65.395,6.29,17.99
2024-08-05,614320,7,56.56,5.39,333.0,18284,179.3,124.8,14.2,199.635,5.55,32.07
2024-08-05,23177662,4,50.06,6.29,74.2,18900,162.5,151.5,30.01,248.33,6.31,23.63
2024-08-12,13419295,3,39.56,5.87,37.0,13941,174.5,137.8,16.01,168.93,6.22,89.5
2024-08-12,7211094,3,19.34,5.0,31.4,5799,86.3,160.4,13.2,81.411,5.18,17.17
2024-08-12,98093514,2,12.51,5.79,108.0,4351,169.7,162.8,7.5,61.848,6.13,29.63
2024-08-12,32658279,5,62.3,6.23,739.3,23271,160.9,134.8,36.04,284.226,6.04,55.45
2024-08-12,27736141,2,13.09,8.77,44.4,6883,157.3,126.9,10.07,79.085,5.71,36.17
2024-08-12,17584626,2,9.89,5.97,20.4,3543,87.7,165.0,5.03,51.112,5.35,10.48
2024-08-12,113047789,3,17.99,6.29,35.3,6792,184.9,169.3,7.62,100.86,6.08,20.86
2024-08-12,614320,5,32.07,5.55,90.0,10677,179.0,129.2,11.11,120.851,5.46,44.1
2024-08-12,23177662,5,23.63,6.31,35.4,8948,166.6,144.4,6.02,113.392,6.19,43.69
2024-08-19,13419295,3,89.5,6.22,153.6,33382,178.9,139.7,38.01,410.771,4.07,5.41
2024-08-19,98093514,4,29.63,6.13,127.0,10892,167.6,164.1,10.32,158.927,5.87,16.01
2024-08-19,32658279,5,55.45,6.04,176.4,20095,163.0,140.3,27.02,248.228,5.93,43.28
2024-08-19,27736141,4,36.17,5.71,46.6,12384,170.0,154.7,16.01,169.763,6.48,12.41
2024-08-19,17584626,2,10.48,5.35,18.0,3366,87.7,166.0,5.48,48.978,5.5,5.03
2024-08-19,113047789,3,20.86,6.08,37.9,7604,186.3,167.6,10.61,113.121,5.95,16.42
2024-08-19,614320,6,44.1,5.46,185.0,14448,175.5,127.7,13.21,160.409,5.3,30.52
2024-08-19,23177662,6,43.69,6.19,56.3,16235,166.8,150.9,15.11,214.416,6.09,24.09
2024-08-26,13419295,1,5.41,4.07,14.0,1322,189.0,149.4,5.41,17.325,4.91,29.76
2024-08-26,7211094,2,17.17,5.18,18.0,5341,86.3,160.3,12.02,75.886,4.65,16.05
2024-08-26,98093514,2,16.01,5.87,39.0,5640,172.5,169.9,11.01,84.35,6.26,34.04
2024-08-26,32658279,3,43.28,5.93,403.1,15401,162.9,144.5,25.07,194.805,6.14,32.16
2024-08-26,27736141,2,12.41,6.48,13.9,4826,167.7,138.5,7.33,58.635,6.94,15.89
2024-08-26,17584626,1,5.03,5.5,20.3,1659,87.7,169.8,5.03,24.71,5.77,15.02
2024-08-26,113047789,2,16.42,5.95,24.9,5860,187.0,176.1,11.31,91.137,5.99,20.33
2024-08-26,614320,5,30.52,5.3,148.0,9698,178.6,124.7,12.1,104.152,5.37,33.61
2024-08-26,23177662,6,24.09,6.09,32.7,8808,161.8,143.8,5.02,114.146,5.91,36.49
2024-09-02,13419295,3,29.76,4.91,29.1,8762,185.9,153.9,20.01,117.848,6.07,42.22
2024-09-02,7211094,3,16.05,4.65,74.4,4481,86.3,164.5,10.02,66.381,4.83,23.22
2024-09-02,98093514,4,34.04,6.26,102.0,12781,168.3,167.2,10.01,187.497,6.16,33.5
2024-09-02,32658279,4,32.16,6.14,93.6,11847,159.1,137.7,13.07,142.644,5.72,43.02
2024-09-02,27736141,3,15.89,6.94,17.1,6618,162.7,138.4,8.02,81.956,6.24,30.18
2024-09-02,17584626,2,15.02,5.77,63.8,5202,87.7,166.1,10.0,76.638,5.78,10.21
2024-09-02,113047789,3,20.33,5.99,51.5,7305,192.8,172.1,10.21,81.435,5.82,10.74
2024-09-02,614320,5,33.61,5.37,143.0,10833,176.2,126.3,13.22,119.336,6.6,32.15
2024-09-02,23177662,3,36.49,5.91,70.2,12950,169.3,157.3,21.16,182.646,5.55,26.12
2024-09-09,13419295,2,42.22,6.07,320.7,15383,181.5,134.0,36.7,192.123,6.29,51.55
2024-09-09,7211094,4,23.22,4.83,36.2,6724,86.3,160.2,10.01,95.879,4.8,25.18
2024-09-09,98093514,3,33.5,6.16,169.0,12373,168.5,164.8,15.4,180.173,6.14,28.07
2024-09-09,32658279,1,43.02,5.72,398.5,14764,162.2,156.4,43.02,202.552,6.01,5.03
2024-09-09,27736141,4,30.18,6.24,60.7,11291,165.5,148.6,12.01,148.593,6.01,20.38
2024-09-09,17584626,2,10.21,5.78,23.2,3542,87.7,169.4,5.23,52.353,6.18,26.9
2024-09-09,113047789,2,10.74,5.82,33.9,3750,187.5,140.2,5.59,46.612,5.94,5.21
2024-09-09,614320,5,32.15,6.6,113.0,12723,175.5,121.4,13.01,135.066,6.0,3.16
2024-09-09,23177662,6,26.12,5.55,57.3,8705,170.1,148.7,7.02,114.347,5.94,41.36
2024-09-16,7211094,2,25.18,4.8,15.6,7252,86.3,162.0,15.11,103.501,5.14,49.55
2024-09-16,98093514,4,28.07,6.14,148.0,10335,169.2,167.4,10.01,152.023,6.23,45.9
2024-09-16,32658279,1,5.03,6.01,14.6,1812,163.4,152.2,5.03,24.192,6.25,31.35
2024-09-16,27736141,3,20.38,6.01,17.4,7347,168.6,149.9,8.02,97.103,6.18,37.15
2024-09-16,113047789,1,5.21,5.94,8.2,1857,186.2,170.6,5.21,27.79,6.16,10.25
2024-09-16,614320,1,3.16,6.0,12.0,1139,176.2,117.7,3.16,11.76,5.92,24.27
2024-09-16,23177662,4,41.36,5.94,50.5,14731,164.6,157.8,21.12,202.19,6.17,26.74
2024-09-23,13419295,2,51.55,6.29,333.0,19453,181.9,160.1,45.01,274.146,5.95,10.01
2024-09-23,7211094,6,49.55,5.14,102.6,15286,86.3,153.9,15.2,207.177,5.33,16.97
2024-09-23,98093514,4,45.9,6.23,106.0,17166,157.1,158.9,21.11,246.429,6.4,39.59
2024-09-23,32658279,4,31.35,6.25,52.9,11749,159.9,136.8,15.05,141.733,6.2,23.26
2024-09-23,27736141,4,37.15,6.18,57.4,13768,165.9,147.1,16.04,178.388,6.0,37.26
2024-09-23,614320,5,24.27,5.92,38.0,8626,174.3,124.0,6.31,92.683,4.68,4.01
2024-09-23,23177662,6,26.74,6.17,79.6,9899,164.3,145.8,8.01,122.47,6.1,30.45
2024-09-30,13419295,1,10.01,5.95,71.9,3576,177.8,147.6,10.01,46.3,6.48,43.42
2024-09-30,7211094,2,16.97,5.33,20.3,5427,86.3,153.2,11.96,73.201,5.23,17.34
2024-09-30,98093514,4,39.59,6.4,162.0,15198,161.9,155.6,15.01,212.037,6.77,31.3
2024-09-30,32658279,2,23.26,6.2,27.2,8650,165.1,140.4,18.09,108.932,6.8,20.12
2024-09-30,27736141,4,37.26,6.0,52.0,13412,168.7,148.5,18.01,178.067,5.49,21.83
2024-09-30,113047789,2,10.25,6.16,16.9,3784,190.6,157.4,5.14,52.343,6.2,20.65
2024-09-30,614320,1,4.01,4.68,13.0,1126,171.6,116.1,4.01,11.467,5.76,19.56
2024-09-30,23177662,5,30.45,6.1,68.0,11141,156.7,136.7,12.21,139.076,8.39,48.82
2024-10-07,7211094,3,17.34,5.23,24.6,5442,86.3,152.9,8.06,72.85,4.89,30.56
2024-10-07,98093514,5,31.3,6.77,286.4,12707,165.3,152.0,10.02,169.73,6.01,34.7
2024-10-07,32658279,3,20.12,6.8,85.6,8214,158.2,131.3,9.95,95.578,5.88,27.29
2024-10-07,27736141,3,21.83,5.49,25.2,7186,174.1,152.8,8.06,96.4,6.31,23.61
2024-10-07,17584626,5,26.9,6.18,54.4,9972,87.7,160.8,10.15,86.905,5.9,26.43
2024-10-07,113047789,3,20.65,6.2,35.6,7678,188.0,170.2,10.43,115.304,5.86,5.17
2024-10-07,23177662,2,48.82,8.39,120.3,24566,150.6,137.7,42.72,283.121,6.29,10.07
2024-10-14,13419295,2,43.42,6.48,56.9,16873,177.2,132.3,37.4,203.21,6.61,10.08
2024-10-14,7211094,4,30.56,4.89,95.4,8973,86.3,155.3,15.09,122.283,4.85,32.85
2024-10-14,98093514,3,34.7,6.01,39.0,12512,170.5,168.8,21.11,189.812,5.78,5.25
2024-10-14,32658279,5,27.29,5.88,93.2,9620,160.3,143.5,7.08,121.315,5.12,21.9
2024-10-14,27736141,3,23.61,6.31,21.4,8934,166.3,145.0,10.51,114.463,6.44,13.12
2024-10-14,17584626,4,26.43,5.9,75.2,9361,87.7,166.0,10.06,136.794,5.89,22.49
2024-10-14,113047789,1,5.17,5.86,8.3,1820,180.4,175.3,5.17,27.986,6.0,5.14
2024-10-14,614320,4,19.56,5.76,99.0,6758,173.5,130.0,7.2,76.435,5.82,5.24
2024-10-14,23177662,2,10.07,6.29,20.8,3801,161.5,147.2,5.04,48.864,6.08,35.17
2024-10-21,7211094,4,32.85,4.85,147.4,9556,86.3,154.5,15.01,129.531,4.9,40.73
2024-10-21,98093514,1,5.25,5.78,2.0,1819,168.2,176.0,5.25,28.083,6.13,10.15
2024-10-21,32658279,4,21.9,5.12,12.8,6726,165.0,149.7,7.51,87.711,5.59,35.12
2024-10-21,27736141,2,13.12,6.44,12.2,5073,165.6,150.4,8.03,37.64,6.3,13.17
2024-10-21,17584626,4,22.49,5.89,57.0,7948,87.7,169.8,10.23,93.788,5.93,31.47
2024-10-21,113047789,1,5.14,6.0,8.2,1853,195.4,165.4,5.14,26.885,7.62,5.21
2024-10-21,614320,1,5.24,5.82,60.0,1831,172.4,122.9,5.24,19.739,6.79,5.53
2024-10-21,23177662,3,35.17,6.08,64.1,12833,162.3,158.9,25.13,181.416,6.27,31.28
2024-10-28,13419295,2,10.08,6.61,12.2,3998,176.0,135.2,5.05,47.455,10.89,4.18
2024-10-28,7211094,5,40.73,4.9,151.2,11977,86.3,153.7,15.07,158.248,4.89,22.59
2024-10-28,32658279,4,35.12,5.59,141.9,11785,164.5,146.0,13.05,150.05,6.2,46.11
2024-10-28,27736141,2,13.17,6.3,10.5,4975,165.2,146.3,8.12,64.3,6.7,19.13
2024-10-28,17584626,5,31.47,5.93,168.2,11189,87.7,165.2,10.02,132.52,5.84,24.29
2024-10-28,113047789,1,5.21,7.62,12.9,2385,160.4,147.1,5.21,30.775,6.3,18.01
2024-10-28,614320,2,5.53,6.79,16.0,2254,170.3,125.5,4.3,24.764,5.59,9.25
2024-10-28,23177662,3,31.28,6.27,141.5,11772,162.3,150.2,21.08,162.172,5.61,11.57
2024-11-04,7211094,3,22.59,4.89,99.8,6634,86.3,152.0,10.28,87.54,4.72,30.72
2024-11-04,32658279,4,46.11,6.2,196.0,17165,163.8,135.2,16.06,204.168,5.83,42.33
2024-11-04,27736141,3,19.13,6.7,18.2,7691,161.3,141.1,8.08,96.075,5.95,37.22
2024-11-04,17584626,4,24.29,5.84,77.0,8510,87.7,162.5,12.18,123.189,5.92,20.8
2024-11-04,113047789,5,18.01,6.3,31.7,6804,187.4,161.4,5.15,100.494,5.74,10.49
2024-11-04,23177662,3,11.57,5.61,36.7,3894,164.7,155.2,5.05,53.62,6.07,26.14
2024-11-11,7211094,3,30.72,4.72,77.5,8698,179.8,157.8,12.67,119.77,4.7,42.99
2024-11-11,98093514,2,10.15,6.13,35.0,3734,166.9,170.3,5.12,55.799,5.97,12.1
2024-11-11,32658279,4,42.33,5.83,371.4,14801,165.1,149.3,21.16,196.092,5.67,21.23
2024-11-11,27736141,5,37.22,5.95,33.6,13280,167.2,151.0,8.08,176.574,6.22,21.13
2024-11-11,17584626,3,20.8,5.92,97.8,7394,87.7,157.2,10.65,101.912,5.47,22.0
2024-11-11,113047789,2,10.49,5.74,23.4,3614,181.8,174.2,5.31,55.277,6.43,10.44
2024-11-11,23177662,2,26.14,6.07,75.7,9518,162.9,153.9,21.12,131.052,5.92,33.59
2024-11-18,7211094,6,42.99,4.7,449.2,12120,164.2,159.6,12.45,166.877,5.13,20.6
2024-11-18,98093514,2,12.1,5.97,21.0,4335,169.9,167.4,7.08,63.705,6.02,23.11
2024-11-18,32658279,3,21.23,5.67,97.3,7217,159.3,147.6,8.11,94.045,5.53,44.29
2024-11-18,27736141,3,21.13,6.22,18.3,7892,165.8,143.5,8.06,99.657,6.03,40.22
2024-11-18,17584626,5,22.0,5.47,172.6,7218,87.7,169.0,5.34,106.336,5.88,17.07
2024-11-18,113047789,2,10.44,6.43,24.4,4028,184.4,168.4,5.27,59.515,6.16,15.6
2024-11-18,614320,2,9.25,5.59,28.0,3100,178.2,142.8,5.04,38.749,6.74,5.92
2024-11-18,23177662,5,33.59,5.92,60.1,11924,160.9,155.3,10.02,158.367,5.72,32.68
2024-11-25,7211094,3,20.6,5.13,166.8,6341,86.3,146.3,8.24,81.937,4.69,32.15
2024-11-25,98093514,3,23.11,6.02,51.0,8340,167.1,171.5,12.01,126.843,6.17,17.62
2024-11-25,32658279,5,44.29,5.53,130.3,14697,163.2,147.3,21.71,194.144,5.97,5.05
2024-11-25,17584626,2,17.07,5.88,52.6,6019,87.7,163.6,12.04,87.403,5.65,30.44
2024-11-25,113047789,3,15.6,6.16,28.4,5760,185.0,173.7,5.24,87.726,6.21,5.2
2024-11-25,614320,2,5.92,6.74,16.0,2393,167.7,126.3,4.87,26.76,6.31,16.42
2024-11-25,23177662,3,32.68,5.72,46.8,11224,162.1,146.7,21.62,151.108,5.9,35.3
2024-12-02,7211094,5,32.15,4.69,120.0,9043,86.3,160.2,10.07,126.521,4.76,39.82
2024-12-02,98093514,3,17.62,6.17,40.0,6523,168.2,169.8,7.51,95.95,6.11,19.86
2024-12-02,32658279,1,5.05,5.97,12.7,1808,167.0,141.0,5.05,22.362,5.82,45.44
2024-12-02,27736141,5,40.22,6.03,37.6,14546,166.9,153.3,11.1,196.67,8.02,10.12
2024-12-02,17584626,4,30.44,5.65,149.8,10328,87.7,165.5,10.1,150.612,6.13,26.17
2024-12-02,113047789,1,5.2,6.21,12.9,1939,187.6,177.3,5.2,30.157,6.52,21.28
2024-12-02,614320,3,16.42,6.31,83.0,6217,173.3,132.0,6.51,71.674,6.73,3.1
2024-12-02,23177662,5,35.3,5.9,182.5,12489,162.2,143.2,10.21,158.372,5.94,44.61
2024-12-09,7211094,6,39.82,4.76,130.0,11373,172.7,156.9,11.77,156.415,4.93,33.25
2024-12-09,98093514,2,19.86,6.11,39.0,7286,166.2,171.4,11.86,109.915,6.08,37.89
2024-12-09,32658279,4,45.44,5.82,355.8,15873,164.1,146.5,18.1,202.281,7.01,13.38
2024-12-09,27736141,2,10.12,8.02,7.4,4872,159.9,128.7,5.07,54.915,5.81,16.14
2024-12-09,17584626,2,26.17,6.13,109.8,9632,87.7,165.9,21.11,141.671,5.68,31.13
2024-12-09,23177662,6,44.61,5.94,68.7,15885,161.1,144.0,22.33,200.115,5.43,31.33
2024-12-16,13419295,1,4.18,10.89,16.1,2734,128.2,98.8,4.18,23.695,6.12,5.02
2024-12-16,98093514,4,37.89,6.08,145.0,13832,166.3,168.9,14.15,203.26,6.18,32.32
2024-12-16,32658279,3,13.38,7.01,84.9,5626,162.9,137.1,5.12,67.665,5.73,31.19
2024-12-16,27736141,2,16.14,5.81,15.1,5621,167.5,158.2,8.09,77.947,5.97,8.04
2024-12-16,17584626,5,31.13,5.68,99.0,10607,87.7,168.6,14.01,158.222,6.05,27.11
2024-12-16,113047789,3,21.28,6.52,24.5,8320,184.1,165.5,10.94,121.514,6.12,26.21
2024-12-16,23177662,8,31.33,5.43,80.3,10211,163.3,145.1,10.01,132.687,6.14,41.17
2024-12-23,7211094,4,33.25,4.93,182.8,9832,86.3,160.8,12.34,139.319,4.59,6.28
2024-12-23,98093514,4,32.32,6.18,83.0,11980,168.3,163.7,10.16,171.997,6.17,41.37
2024-12-23,32658279,4,31.19,5.73,110.2,10732,165.3,147.7,15.38,134.65,5.51,57.39
2024-12-23,27736141,1,8.04,5.97,7.9,2881,165.6,159.0,8.04,40.182,6.2,21.05
2024-12-23,17584626,4,27.11,6.05,99.0,9842,87.7,167.5,10.06,141.733,5.96,34.98
2024-12-23,113047789,4,26.21,6.12,41.5,9629,183.7,169.7,10.55,143.322,6.07,25.1
2024-12-23,23177662,10,41.17,6.14,111.3,15169,162.9,143.5,10.03,187.026,5.71,48.26
2024-12-30,7211094,2,6.28,4.59,50.0,1729,86.3,152.6,5.2,23.707,4.6,11.7
2024-12-30,98093514,7,41.37,6.17,101.0,15308,167.6,164.0,14.03,223.205,6.06,33.39
2024-12-30,32658279,4,57.39,5.51,439.5,18987,168.3,148.1,42.24,251.066,6.0,42.49
2024-12-30,27736141,3,21.05,6.2,17.7,7836,165.8,146.9,8.02,101.54,5.78,8.05
2024-12-30,17584626,5,34.98,5.96,103.8,12516,87.7,167.7,12.47,183.092,6.07,31.64
2024-12-30,113047789,4,25.1,6.07,33.2,9138,182.8,167.2,7.5,133.777,6.34,17.3
2024-12-30,23177662,5,48.26,5.71,52.8,16527,161.1,153.1,21.12,218.597,5.67,31.38
2025-01-06,7211094,3,11.7,4.6,63.8,3230,86.3,166.3,5.1,48.06,5.1,3.99
2025-01-06,98093514,4,33.39,6.06,101.0,12145,165.6,163.8,15.11,176.952,6.22,38.8
2025-01-06,32658279,5,42.49,6.0,423.3,15291,164.8,142.4,14.06,191.48,5.74,42.8
2025-01-06,27736141,1,8.05,5.78,13.4,2792,164.6,155.1,8.05,37.986,6.31,21.12
2025-01-06,17584626,4,31.64,6.07,151.6,11517,87.7,161.7,15.02,165.354,6.28,41.04
2025-01-06,113047789,3,17.3,6.34,65.2,6587,177.8,146.9,6.95,83.718,6.23,31.23
2025-01-06,23177662,6,31.38,5.67,89.6,10685,160.3,151.7,10.02,139.771,5.89,32.11
2025-01-13,7211094,1,3.99,5.1,17.0,1222,86.3,153.7,3.99,16.476,4.81,18.72
2025-01-13,98093514,6,38.8,6.22,68.0,14483,165.6,158.5,12.08,176.352,6.23,35.39
2025-01-13,32658279,4,42.8,5.74,49.7,14749,169.5,145.0,16.01,187.68,6.04,58.14
2025-01-13,27736141,3,21.12,6.31,23.5,7996,165.3,148.1,8.05,104.581,6.15,16.14
2025-01-13,17584626,8,41.04,6.28,106.0,15471,87.7,160.9,12.02,181.997,6.29,38.7
2025-01-13,113047789,5,31.23,6.23,38.7,11676,174.5,160.0,10.44,167.468,6.34,22.58
2025-01-13,23177662,8,32.11,5.89,53.5,11346,157.5,140.1,6.25,137.088,5.93,41.2
2025-01-20,13419295,1,5.02,6.12,11.0,1843,178.6,133.2,5.02,21.534,6.29,15.09
2025-01-20,7211094,4,18.72,4.81,104.0,5401,86.3,162.2,7.05,77.236,4.64,6.88
2025-01-20,98093514,3,35.39,6.23,90.0,13232,167.6,167.8,21.27,194.504,6.47,41.06
2025-01-20,32658279,5,58.14,6.04,325.8,21084,165.2,141.4,21.38,257.454,5.78,38.45
2025-01-20,27736141,2,16.14,6.15,18.7,5956,166.3,154.4,8.13,80.643,6.63,37.52
2025-01-20,17584626,4,38.7,6.29,140.4,14610,87.7,161.4,21.14,208.586,6.31,40.29
2025-01-20,113047789,3,22.58,6.34,61.2,8593,182.6,169.8,12.13,128.471,6.8,16.65
2025-01-20,23177662,6,41.2,5.93,80.8,14664,159.3,142.3,10.02,183.485,6.41,36.75
2025-01-27,13419295,2,15.09,6.29,96.3,5695,175.3,132.3,10.08,67.009,5.15,11.28
2025-01-27,7211094,2,6.88,4.64,32.2,1913,86.3,160.4,4.98,27.645,5.0,31.91
2025-01-27,98093514,4,41.06,6.47,112.0,15926,161.4,155.7,25.2,232.294,6.35,9.79
2025-01-27,32658279,4,38.45,5.78,444.7,13340,169.3,142.7,12.26,98.856,6.18,49.52
2025-01-27,27736141,4,37.52,6.63,74.6,14921,163.3,147.1,16.34,191.213,7.51,5.09
2025-01-27,17584626,4,40.29,6.31,178.8,15254,87.7,162.4,17.1,219.878,5.91,1.67
2025-01-27,113047789,2,16.65,6.8,8.9,6791,170.5,150.5,8.43,89.363,6.18,16.88
2025-01-27,23177662,7,36.75,6.41,59.0,14141,156.5,135.6,10.09,167.489,5.88,37.3
2025-02-03,7211094,3,31.91,5.0,131.6,9571,86.3,160.4,13.61,135.543,4.95,41.86
2025-02-03,98093514,1,9.79,6.35,21.0,3728,165.6,170.9,9.79,55.887,6.01,21.11
2025-02-03,32658279,4,49.52,6.18,507.3,18353,155.2,126.4,20.22,88.932,5.39,61.37
2025-02-03,27736141,1,5.09,7.51,2.9,2293,161.6,131.8,5.09,26.51,6.28,18.4
2025-02-03,17584626,1,1.67,5.91,6.7,592,87.7,160.1,1.67,8.313,5.78,31.56
2025-02-03,113047789,3,16.88,6.18,18.4,6263,188.3,159.7,6.73,61.65,6.15,18.77
2025-02-03,23177662,4,37.3,5.88,133.1,13168,158.6,146.9,21.14,172.937,6.41,38.34
2025-02-10,7211094,5,41.86,4.95,139.8,12421,86.3,157.5,15.02,170.511,4.87,37.71
2025-02-10,98093514,1,21.11,6.01,92.0,7616,173.6,187.9,21.11,125.53,7.62,4.95
2025-02-10,32658279,5,61.37,5.39,193.8,19849,166.4,145.4,27.13,206.38,6.03,62.89
2025-02-10,27736141,3,18.4,6.28,20.9,6928,165.3,153.9,8.03,93.657,6.13,40.16
2025-02-10,17584626,3,31.56,5.78,114.0,10951,174.6,156.7,21.13,156.769,6.09,26.43
2025-02-10,113047789,3,18.77,6.15,31.6,6926,177.5,163.2,8.38,99.456,6.65,18.37
2025-02-10,23177662,3,38.34,6.41,83.8,14745,157.4,146.1,21.31,180.319,5.85,29.5
2025-02-17,13419295,2,11.28,5.15,81.1,3485,180.2,152.4,6.26,46.292,4.77,10.06
2025-02-17,7211094,5,37.71,4.87,107.2,11019,86.3,161.5,10.15,155.738,4.88,35.8
2025-02-17,98093514,1,4.95,7.62,48.0,2263,153.0,158.2,4.95,31.404,6.4,21.55
2025-02-17,32658279,5,62.89,6.03,338.2,22771,160.9,142.5,24.2,186.979,5.81,62.62
2025-02-17,17584626,5,26.43,6.09,139.0,9666,173.5,160.6,8.08,133.668,5.59,34.6
2025-02-17,113047789,3,18.37,6.65,81.7,7331,181.8,167.1,8.08,58.98,6.27,22.73
2025-02-17,23177662,8,29.5,5.85,113.5,10349,160.6,143.6,6.06,132.517,5.77,37.25
2025-02-24,13419295,2,10.06,4.77,9.5,2881,184.2,157.8,5.03,39.864,5.92,23.02
2025-02-24,7211094,4,35.8,4.88,204.2,10473,86.3,153.7,21.11,142.689,4.53,43.28
2025-02-24,98093514,4,21.55,6.4,61.0,8272,170.2,171.2,6.53,122.547,6.82,29.29
2025-02-24,32658279,5,62.62,5.81,193.0,21822,100.4,75.3,28.19,8.494,5.6,46.05
2025-02-24,27736141,5,40.16,6.13,37.9,14777,166.1,153.4,11.19,198.717,6.29,40.29
2025-02-24,17584626,5,34.6,5.59,109.0,11606,175.5,162.5,10.06,165.952,6.05,31.93
2025-02-24,113047789,3,22.73,6.27,48.3,8555,180.2,166.0,10.19,124.791,6.33,16.13
2025-02-24,614320,2,3.1,6.73,2.0,1252,175.7,130.2,1.57,14.295,5.91,9.68
2025-02-24,23177662,7,37.25,5.77,106.3,12888,160.1,146.0,10.04,168.692,5.74,42.95
2025-03-03,13419295,2,23.02,5.92,55.0,8180,179.9,137.8,13.01,97.796,5.89,22.52
2025-03-03,7211094,7,43.28,4.53,169.6,11764,86.3,157.2,9.4,129.251,4.89,57.13
2025-03-03,98093514,4,29.29,6.82,96.0,11994,162.8,164.3,10.8,165.481,5.92,20.18
2025-03-03,32658279,4,46.05,5.6,439.6,15482,162.8,142.5,22.07,164.593,5.82,72.01
2025-03-03,27736141,5,40.29,6.29,45.6,15214,165.9,147.3,11.12,197.387,6.31,40.21
2025-03-03,17584626,4,31.93,6.05,126.0,11592,174.1,157.9,15.54,160.691,5.65,38.09
2025-03-03,113047789,4,16.13,6.33,127.7,6132,166.9,142.7,5.75,85.585,6.86,27.9
2025-03-03,23177662,6,42.95,5.74,74.1,14799,155.9,141.6,21.15,191.729,5.91,37.21
2025-03-10,13419295,2,22.52,5.89,22.8,7957,182.0,137.3,15.5,91.934,5.06,25.05
2025-03-10,7211094,6,57.13,4.89,133.8,16777,179.4,155.7,24.19,224.66,4.77,63.83
2025-03-10,98093514,4,20.18,5.92,49.0,7173,171.4,166.6,5.09,104.694,6.07,22.28
2025-03-10,32658279,5,72.01,5.82,257.8,25151,161.0,134.9,34.05,76.735,5.74,92.44
2025-03-10,27736141,5,40.21,6.31,78.7,15226,166.6,144.0,11.01,192.584,6.26,41.35
2025-03-10,17584626,6,38.09,5.65,68.0,12909,174.1,164.4,10.03,186.481,6.15,34.46
2025-03-10,113047789,7,27.9,6.86,87.4,11492,172.5,145.7,5.3,156.083,5.86,5.1
2025-03-10,23177662,7,37.21,5.91,61.4,13203,161.4,140.3,10.03,162.119,5.86,47.09
2025-03-17,13419295,2,25.05,5.06,39.1,7611,184.4,150.8,15.01,100.316,5.16,12.14
2025-03-17,7211094,7,63.83,4.77,339.9,18253,176.6,155.0,27.49,247.057,5.15,52.29
2025-03-17,98093514,4,22.28,6.07,46.0,8116,170.7,164.1,10.01,118.533,6.56,36.73
2025-03-17,32658279,6,92.44,5.74,595.0,31862,161.0,132.8,31.54,117.8,5.86,61.26
2025-03-17,27736141,5,41.35,6.26,75.5,15520,166.9,144.9,12.02,198.864,6.09,40.52
2025-03-17,17584626,4,34.46,6.15,79.0,12714,175.6,156.9,17.12,172.91,5.89,40.48
2025-03-17,113047789,1,5.1,5.86,8.2,1791,191.6,170.2,5.1,26.739,8.04,13.21
2025-03-17,23177662,5,47.09,5.86,158.6,16564,160.8,145.7,25.01,215.921,5.79,45.3
2025-03-24,13419295,2,12.14,5.16,21.5,3758,183.6,146.5,7.13,47.155,5.31,22.03
2025-03-24,7211094,6,52.29,5.15,259.8,16164,86.3,148.4,26.17,204.504,4.87,64.96
2025-03-24,98093514,5,36.73,6.56,118.0,14458,165.2,163.6,15.01,207.573,6.04,31.46
2025-03-24,32658279,5,61.26,5.86,161.1,21540,159.0,124.8,25.05,164.787,6.51,12.85
2025-03-24,27736141,6,40.52,6.09,45.1,14816,167.7,145.1,11.03,189.499,6.05,24.2
2025-03-24,17584626,5,40.48,5.89,131.0,14302,174.9,161.6,18.04,203.442,5.78,36.59
2025-03-24,113047789,3,13.21,8.04,24.4,6369,157.3,118.2,6.17,30.276,6.05,5.13
2025-03-24,23177662,10,45.3,5.79,128.1,15743,159.5,137.2,10.02,192.514,5.86,45.29
2025-03-31,13419295,2,22.03,5.31,134.2,7014,183.8,140.7,16.01,85.858,4.51,5.03
2025-03-31,7211094,9,64.96,4.87,367.6,18968,179.0,153.4,20.16,257.017,4.86,46.1
2025-03-31,98093514,4,31.46,6.04,149.0,11404,165.9,154.2,14.7,87.03,6.9,30.44
2025-03-31,32658279,4,12.85,6.51,119.2,5016,153.3,123.9,5.48,55.325,5.54,56.16
2025-03-31,27736141,3,24.2,6.05,35.7,8783,166.9,148.6,8.11,114.506,6.36,29.12
2025-03-31,17584626,5,36.59,5.78,171.0,12683,176.7,155.5,14.7,176.73,0.58,0.35
2025-03-31,113047789,1,5.13,6.05,23.3,1860,194.2,176.6,5.13,28.814,5.93,10.27
2025-03-31,23177662,8,45.29,5.86,70.6,15928,159.1,140.0,21.2,206.651,5.85,21.57
2025-04-07,13419295,1,5.03,4.51,36.1,1359,187.0,155.5,5.03,18.537,6.53,24.94
2025-04-07,7211094,4,46.1,4.86,190.0,13445,86.3,154.3,21.11,181.597,5.03,42.22
2025-04-07,98093514,4,30.44,6.9,40.0,12608,159.6,153.8,14.01,170.937,6.69,25.27
2025-04-07,32658279,3,56.16,5.54,306.6,18659,164.7,141.9,42.62,212.29,5.03,8.01
2025-04-07,27736141,5,29.12,6.36,75.1,11110,166.6,145.6,12.02,143.423,6.26,21.08
2025-04-07,17584626,1,0.35,0.58,1.4,12,171.2,155.6,0.35,0.164,5.89,18.15
2025-04-07,113047789,2,10.27,5.93,19.6,3656,199.0,154.3,5.17,49.5,6.05,10.43
2025-04-07,614320,4,9.68,5.91,17.0,3433,171.7,129.2,5.02,41.049,5.61,15.53
2025-04-07,23177662,6,21.57,5.85,30.2,7569,164.1,142.8,5.04,94.744,6.49,52.09
2025-04-14,13419295,4,24.94,6.53,71.0,9772,161.0,126.0,13.03,114.655,5.02,16.04
2025-04-14,7211094,6,42.22,5.03,189.6,12732,165.2,151.8,15.1,167.561,5.13,61.02
2025-04-14,98093514,4,25.27,6.69,74.0,10143,165.0,160.3,11.5,144.58,6.31,34.52
2025-04-14,32658279,1,8.01,5.03,16.5,2416,170.2,156.5,8.01,33.167,6.04,74.09
2025-04-14,27736141,2,21.08,6.26,27.6,7919,165.0,145.7,16.02,103.062,8.34,18.68
2025-04-14,17584626,2,18.15,5.89,60.0,6418,174.9,169.3,13.06,94.969,6.47,43.31
2025-04-14,113047789,2,10.43,6.05,23.2,3786,180.1,166.5,5.23,55.256,6.04,15.36
2025-04-14,614320,3,15.53,5.61,19.0,5227,174.0,139.4,5.51,63.989,5.79,34.14
2025-04-14,23177662,5,52.09,6.49,149.2,20300,161.6,136.9,25.01,241.496,7.45,49.4
2025-04-21,13419295,3,16.04,5.02,2.3,4833,185.1,152.7,8.01,63.754,4.49,7.03
2025-04-21,7211094,4,61.02,5.13,308.0,18778,178.0,152.2,42.35,259.415,4.93,23.96
2025-04-21,98093514,3,34.52,6.31,96.0,13078,166.2,163.0,21.27,191.162,6.61,29.25
2025-04-21,32658279,6,74.09,6.04,972.1,26854,159.9,122.5,14.19,194.426,5.28,21.14
2025-04-21,27736141,1,18.68,8.34,18.1,9343,158.4,139.2,18.68,114.083,7.03,5.05
2025-04-21,17584626,6,43.31,6.47,233.0,16819,172.3,157.9,15.62,232.869,6.34,34.25
2025-04-21,113047789,3,15.36,6.04,33.9,5566,178.7,163.4,5.32,79.822,6.25,18.81
2025-04-21,614320,6,34.14,5.79,61.0,11865,177.0,137.3,10.6,142.407,5.8,31.26
2025-04-21,23177662,3,49.4,7.45,114.3,22070,157.9,138.9,42.66,272.655,6.24,12.05
2025-04-28,13419295,2,7.03,4.49,12.5,1896,185.2,163.0,5.02,27.277,6.23,13.48
2025-04-28,7211094,4,23.96,4.93,92.6,7083,86.3,153.0,12.39,96.767,5.09,44.99
2025-04-28,98093514,4,29.25,6.61,105.0,11609,163.0,159.8,12.01,161.905,6.12,26.83
2025-04-28,32658279,2,21.14,5.28,94.7,6701,166.8,145.2,11.11,46.362,5.66,32.64
2025-04-28,27736141,1,5.05,7.03,5.1,2133,161.8,144.7,5.05,27.074,5.95,14.36
2025-04-28,17584626,3,34.25,6.34,103.0,13022,176.0,160.6,22.05,181.662,6.73,38.16
2025-04-28,113047789,3,18.81,6.25,32.5,7058,183.1,169.0,8.21,104.384,5.96,9.31
2025-04-28,614320,4,31.26,5.8,93.0,10873,177.5,137.2,12.72,130.427,6.19,34.75
2025-04-28,23177662,3,12.05,6.24,29.6,4512,161.6,136.9,5.02,54.306,6.0,21.39
2025-05-05,13419295,2,13.48,6.23,227.3,5041,162.6,124.2,11.11,60.264,6.72,33.71
2025-05-05,7211094,7,44.99,5.09,232.8,13744,86.3,148.1,12.01,179.917,5.0,68.51
2025-05-05,98093514,3,26.83,6.12,60.0,9858,166.9,168.5,16.01,145.632,6.37,42.67
2025-05-05,32658279,3,32.64,5.66,192.6,11090,167.3,143.8,15.05,139.795,5.81,61.84
2025-05-05,27736141,2,14.36,5.95,8.0,5125,167.2,161.7,8.03,72.751,6.13,16.21
2025-05-05,17584626,6,38.16,6.73,438.0,15405,174.4,158.5,11.02,211.701,5.96,42.77
2025-05-05,113047789,2,9.31,5.96,54.0,3327,180.4,144.4,5.22,41.794,6.3,16.82
2025-05-05,614320,5,34.75,6.19,61.0,12906,174.6,132.6,10.6,150.089,6.54,12.63
2025-05-05,23177662,6,21.39,6.0,45.5,7703,163.0,143.1,5.03,96.352,5.88,15.03
2025-05-12,13419295,4,33.71,6.72,1106.3,13584,182.3,143.7,29.51,177.225,8.18,5.87
2025-05-12,7211094,6,68.51,5.0,393.2,20553,86.3,154.4,21.12,278.64,5.07,56.55
2025-05-12,98093514,5,42.67,6.37,146.0,16299,162.3,163.0,21.12,206.221,6.19,48.34
2025-05-12,32658279,4,61.84,5.81,516.3,21566,160.2,139.0,44.48,267.786,5.29,29.26
2025-05-12,27736141,2,16.21,6.13,19.5,5964,165.9,155.3,8.11,81.271,6.97,13.05
2025-05-12,17584626,5,42.77,5.96,138.0,15297,176.5,161.4,21.15,213.872,6.05,45.53
2025-05-12,113047789,3,16.82,6.3,71.4,6360,178.6,158.9,6.48,88.017,5.98,22.77
2025-05-12,614320,2,12.63,6.54,31.0,4952,167.5,129.7,7.12,56.136,6.12,19.02
2025-05-12,23177662,2,15.03,5.88,27.4,5306,163.2,154.5,10.01,71.827,6.68,12.06
2025-05-19,13419295,1,5.87,8.18,4.5,2881,144.6,108.0,5.87,27.294,5.47,5.01
2025-05-19,7211094,5,56.55,5.07,547.8,17219,86.3,153.2,15.01,231.873,4.75,20.08
2025-05-19,98093514,5,48.34,6.19,131.0,17947,169.2,170.1,22.01,264.795,6.58,49.02
2025-05-19,32658279,3,29.26,5.29,293.1,9295,164.3,150.3,14.08,122.19,5.43,38.6
2025-05-19,27736141,2,13.05,6.97,25.9,5455,163.0,147.2,8.02,70.884,7.58,10.76
2025-05-19,17584626,5,45.53,6.05,126.0,16538,177.4,161.3,22.05,230.881,4.69,23.14
2025-05-19,113047789,3,22.77,5.98,39.9,8167,180.8,169.2,12.3,120.913,6.04,29.04
2025-05-19,614320,2,19.02,6.12,263.0,6984,173.1,137.0,14.01,86.503,6.15,16.85
2025-05-19,23177662,3,12.06,6.68,27.7,4834,149.3,127.4,5.02,56.345,5.84,5.01
2025-05-26,7211094,2,20.08,4.75,90.8,5722,86.3,155.1,10.08,77.825,4.87,65.11
2025-05-26,98093514,5,49.02,6.58,131.0,19353,163.6,157.4,21.12,268.082,6.04,16.38
2025-05-26,32658279,4,38.6,5.43,181.8,12565,166.3,146.6,15.03,161.338,5.26,42.59
2025-05-26,17584626,3,23.14,4.69,93.4,6517,171.9,166.5,8.7,95.181,6.26,21.78
2025-05-26,113047789,4,29.04,6.04,114.2,10530,174.2,162.9,10.16,151.383,6.28,16.42
2025-05-26,614320,4,16.85,6.15,84.0,6216,173.9,138.3,5.61,75.718,5.62,26.4
2025-05-26,23177662,1,5.01,5.84,11.7,1756,162.6,154.7,5.01,23.829,6.88,10.03
2025-06-02,7211094,7,65.11,4.87,424.0,19011,86.3,157.1,20.94,263.14,4.98,62.16
2025-06-02,98093514,3,16.38,6.04,110.0,5935,168.7,170.1,6.37,88.244,6.58,32.91
2025-06-02,32658279,4,42.59,5.26,53.7,13442,160.0,141.5,17.78,167.217,5.38,46.37
2025-06-02,27736141,2,10.76,7.58,8.2,4889,159.1,140.3,5.44,58.495,8.07,16.39
2025-06-02,17584626,3,21.78,6.26,62.0,8182,176.5,155.2,10.17,111.41,6.01,57.29
2025-06-02,113047789,3,16.42,6.28,73.2,6186,178.7,160.7,6.14,87.277,6.22,42.25
2025-06-02,23177662,2,10.03,6.88,6.2,4137,159.0,137.7,5.02,50.002,6.47,11.07
2025-06-09,13419295,1,5.01,5.47,13.9,1645,177.6,129.5,5.01,18.687,5.71,10.25
2025-06-09,7211094,5,62.16,4.98,258.2,18576,86.3,158.2,15.09,256.704,4.77,48.54
2025-06-09,98093514,4,32.91,6.58,67.0,13003,165.4,164.8,15.05,187.528,6.3,54.12
2025-06-09,32658279,4,46.37,5.38,82.8,14976,162.6,145.1,19.15,29.733,5.7,32.2
2025-06-09,27736141,3,16.39,8.07,18.2,7931,153.7,141.3,6.01,93.919,7.51,21.12
2025-06-09,17584626,5,57.29,6.01,303.0,20676,175.3,159.4,21.32,291.595,6.11,79.17
2025-06-09,113047789,6,42.25,6.22,237.5,15767,180.1,166.1,10.36,230.201,6.03,15.63
2025-06-09,614320,5,26.4,5.62,50.0,8897,174.7,145.0,11.01,113.178,5.64,17.05
2025-06-09,23177662,3,11.07,6.47,29.6,4295,164.1,144.4,5.03,55.616,6.39,20.07
2025-06-16,13419295,1,10.25,5.71,9.8,3511,169.2,146.8,10.25,45.212,4.92,18.18
2025-06-16,7211094,5,48.54,4.77,232.8,13879,86.3,163.6,11.35,125.382,4.8,65.33
2025-06-16,98093514,5,54.12,6.3,162.0,20443,164.7,167.3,25.0,301.166,6.36,37.06
2025-06-16,32658279,4,32.2,5.7,255.2,11019,163.5,132.8,10.53,85.713,5.52,50.5
2025-06-16,27736141,3,21.12,7.51,24.8,9512,158.0,138.3,10.07,116.297,6.11,26.53
2025-06-16,17584626,6,79.17,6.11,207.0,28999,176.5,160.4,25.0,277.434,6.1,47.24
2025-06-16,113047789,2,15.63,6.03,35.9,5656,187.6,158.9,10.25,77.517,6.14,27.89
2025-06-16,614320,3,17.05,5.64,39.0,5774,175.4,144.2,7.01,72.402,5.93,43.05
2025-06-16,23177662,4,20.07,6.39,4.0,7695,163.1,148.4,5.02,98.81,6.35,15.05
2025-06-23,13419295,2,18.18,4.92,72.6,5368,183.2,152.7,13.15,71.561,4.26,5.14
2025-06-23,7211094,6,65.33,4.8,500.0,18824,182.6,159.6,21.38,263.906,4.8,62.75
2025-06-23,98093514,4,37.06,6.36,173.0,14154,165.3,161.5,15.01,144.301,6.17,44.18
2025-06-23,32658279,4,50.5,5.52,153.0,16711,164.0,132.9,21.19,36.699,5.67,57.22
2025-06-23,27736141,5,26.53,6.11,70.8,9730,166.6,153.0,10.02,132.535,6.24,25.08
2025-06-23,17584626,5,47.24,6.1,199.0,17302,177.1,157.7,15.02,239.892,6.17,44.16
2025-06-23,113047789,3,27.89,6.14,105.3,10265,175.7,166.4,10.36,149.782,5.95,31.57
2025-06-23,614320,4,43.05,5.93,70.0,15309,176.3,136.8,15.51,183.705,5.87,35.77
2025-06-23,23177662,3,15.05,6.35,43.8,5730,163.1,146.7,5.02,73.413,6.05,13.14
2025-06-30,13419295,1,5.14,4.26,7.4,1313,190.2,164.8,5.14,18.981,5.63,15.01
2025-06-30,7211094,6,62.75,4.8,360.5,18073,172.2,154.3,15.18,244.495,4.6,50.66
2025-06-30,98093514,3,44.18,6.17,127.0,16365,166.4,167.0,27.03,201.096,6.38,48.88
2025-06-30,32658279,5,57.22,5.67,459.2,19469,156.4,132.6,24.12,153.104,5.53,61.12
2025-06-30,27736141,3,25.08,6.24,56.0,9391,165.9,147.7,12.02,123.363,6.86,23.06
2025-06-30,17584626,3,44.16,6.17,133.0,16356,175.6,154.5,27.04,224.469,5.93,48.88
2025-06-30,113047789,3,31.57,5.95,131.9,11278,180.3,160.7,14.19,160.941,6.16,34.44
2025-06-30,614320,4,35.77,5.87,48.0,12602,177.0,142.3,13.01,155.548,6.0,22.09
2025-06-30,23177662,3,13.14,6.05,21.2,4769,162.9,156.6,5.1,65.036,6.82,14.04
2025-07-07,13419295,1,15.01,5.63,20.5,5067,181.2,135.2,15.01,60.093,5.65,5.01
2025-07-07,7211094,4,50.66,4.6,278.2,13988,86.3,156.2,20.84,174.372,5.12,76.33
2025-07-07,98093514,5,48.88,6.38,336.0,18726,164.0,160.7,20.77,268.359,6.39,56.07
2025-07-07,32658279,4,61.12,5.53,421.6,20280,166.4,141.3,30.76,164.162,5.76,51.27
2025-07-07,17584626,5,48.88,5.93,311.0,17396,177.0,157.8,21.11,240.246,6.39,68.32
2025-07-07,113047789,3,34.44,6.16,188.6,12723,175.7,164.8,16.71,127.87,6.0,22.1
2025-07-07,23177662,3,14.04,6.82,179.2,5743,157.3,138.6,7.01,71.016,6.01,20.07
2025-07-14,13419295,1,5.01,5.65,175.6,1698,180.6,141.6,5.01,21.091,6.23,15.14
2025-07-14,7211094,8,76.33,5.12,487.9,23462,169.6,153.7,25.0,319.428,5.02,51.53
2025-07-14,98093514,4,56.07,6.39,140.0,21487,166.3,162.5,31.01,308.047,6.47,52.24
2025-07-14,32658279,3,51.27,5.76,265.5,17711,163.2,134.0,29.09,40.517,5.93,41.27
2025-07-14,27736141,2,23.06,6.86,51.5,9487,161.7,147.8,18.02,126.584,5.91,4.01
2025-07-14,17584626,6,68.32,6.39,281.0,26195,176.9,154.7,21.3,240.386,6.35,57.55
2025-07-14,113047789,3,22.1,6.0,42.6,7955,182.2,147.3,10.38,106.088,6.11,38.96
2025-07-14,614320,5,22.09,6.0,34.0,7957,174.9,133.9,6.31,93.762,5.54,27.24
2025-07-14,23177662,4,20.07,6.01,152.3,7236,161.9,141.9,5.03,89.937,5.82,8.43
2025-07-21,13419295,2,15.14,6.23,179.2,5661,163.2,138.6,10.14,69.955,6.05,11.57
2025-07-21,7211094,5,51.53,5.02,323.9,15514,167.8,156.3,14.01,210.556,4.83,82.58
2025-07-21,98093514,4,52.24,6.47,113.0,20274,166.3,163.9,31.2,292.074,6.46,36.29
2025-07-21,32658279,4,41.27,5.93,285.8,14685,83.2,141.6,15.17,182.463,5.86,67.53
2025-07-21,27736141,1,4.01,5.91,20.6,1423,170.4,160.5,4.01,20.034,6.9,28.26
2025-07-21,17584626,5,57.55,6.35,133.0,21929,176.6,156.9,31.16,295.819,5.98,37.08
2025-07-21,113047789,4,38.96,6.11,99.1,14290,181.0,157.5,11.5,199.65,6.17,32.64
2025-07-21,614320,3,27.24,5.54,40.0,9054,176.8,135.5,11.21,107.027,5.59,51.56
2025-07-21,23177662,2,8.43,5.82,63.6,2942,164.6,147.6,5.01,37.828,6.12,5.02
2025-07-28,13419295,1,11.57,6.05,19.8,4200,181.2,129.2,11.57,47.6,4.8,33.61
2025-07-28,7211094,6,82.58,4.83,324.4,23945,86.3,161.4,28.04,339.223,4.7,83.02
2025-07-28,98093514,4,36.29,6.46,123.0,14076,166.7,163.1,15.07,201.89,6.77,55.03
2025-07-28,32658279,4,67.53,5.86,784.9,23738,164.9,141.3,35.11,257.137,5.76,61.75
2025-07-28,27736141,4,28.26,6.9,29.8,11698,165.6,147.7,8.05,151.017,6.41,29.21
2025-07-28,17584626,4,37.08,5.98,128.0,13300,177.5,159.0,15.06,184.111,6.36,50.23
2025-07-28,113047789,3,32.64,6.17,90.4,12082,182.7,161.7,15.31,137.726,6.07,34.71
2025-07-28,614320,6,51.56,5.59,99.0,17301,174.7,135.1,13.01,206.211,5.49,40.82
2025-07-28,23177662,1,5.02,6.12,13.6,1843,161.4,140.2,5.02,22.666,6.39,23.24
2025-08-04,13419295,3,33.61,4.8,69.0,9676,180.2,146.8,21.28,134.055,5.48,10.35
2025-08-04,7211094,7,83.02,4.7,402.6,23398,86.3,156.2,24.56,315.102,4.94,71.99
2025-08-04,98093514,4,55.03,6.77,101.0,22356,158.3,152.5,35.01,314.173,6.34,43.2
2025-08-04,32658279,4,61.75,5.76,383.6,21350,162.6,130.1,25.28,49.29,5.15,26.07
2025-08-04,27736141,3,29.21,6.41,50.7,11234,164.9,144.7,21.11,149.1,7.54,33.17
2025-08-04,17584626,3,50.23,6.36,164.0,19165,173.3,154.5,33.01,260.202,6.32,48.58
2025-08-04,113047789,3,34.71,6.07,129.3,12638,183.6,165.5,17.25,184.68,6.27,31.51
2025-08-04,614320,5,40.82,5.49,244.0,13438,178.9,142.1,14.07,165.094,5.52,51.86
2025-08-04,23177662,5,23.24,6.39,208.1,8909,157.6,139.8,5.03,109.357,7.13,17.06
2025-08-11,13419295,1,10.35,5.48,15.6,3401,179.4,133.7,10.35,39.887,5.69,15.52
2025-08-11,7211094,5,71.99,4.94,315.7,21336,173.7,150.7,21.11,279.742,4.64,38.91
2025-08-11,98093514,4,43.2,6.34,124.0,16431,160.7,159.3,21.11,234.137,6.13,35.21
2025-08-11,32658279,3,26.07,5.15,46.7,8049,165.0,127.8,10.52,20.829,6.24,51.58
2025-08-11,27736141,3,33.17,7.54,45.9,15008,160.9,137.5,16.12,183.512,7.29,52.86
2025-08-11,17584626,4,48.58,6.32,221.0,18431,175.3,156.6,21.29,254.194,5.98,39.13
2025-08-11,113047789,2,31.51,6.27,76.4,11850,179.6,164.1,21.37,171.876,5.79,27.76
2025-08-11,614320,4,51.86,5.52,66.0,17166,178.3,138.5,20.41,199.652,5.62,64.37
2025-08-11,23177662,3,17.06,7.13,31.3,7301,153.7,131.5,7.02,82.261,7.45,26.05
2025-08-18,13419295,1,15.52,5.69,7.8,5300,176.6,132.2,15.52,61.461,5.2,15.12
2025-08-18,7211094,3,38.91,4.64,150.1,10840,174.6,148.8,16.45,84.203,4.85,65.24
2025-08-18,98093514,4,35.21,6.13,80.0,12961,165.0,158.9,13.01,181.427,7.31,50.03
2025-08-18,27736141,4,52.86,7.29,41.6,23108,162.3,144.1,24.01,290.848,7.29,37.18
2025-08-18,17584626,5,39.13,5.98,94.0,14043,178.8,154.0,13.14,187.76,5.77,56.83
2025-08-18,113047789,4,27.76,5.79,89.1,9638,182.8,165.5,11.14,139.734,6.11,31.37
2025-08-18,614320,7,64.37,5.62,62.0,21706,177.5,134.1,25.11,253.703,6.04,50.39
2025-08-18,23177662,3,26.05,7.45,42.1,11647,152.7,135.3,15.01,131.041,6.42,10.03
2025-08-25,13419295,2,15.12,5.2,108.7,4717,180.7,148.4,10.1,60.192,5.49,26.39
2025-08-25,7211094,4,65.24,4.85,449.8,18987,86.3,149.8,42.71,255.041,4.61,27.49
2025-08-25,98093514,3,50.03,7.31,325.0,21937,132.5,130.1,42.53,307.213,7.57,9.71
2025-08-25,32658279,3,51.58,6.24,440.6,19303,171.2,136.2,43.03,217.921,5.53,32.35
2025-08-25,27736141,3,37.18,7.29,36.4,16262,160.1,140.2,27.03,203.018,6.43,52.94
2025-08-25,17584626,5,56.83,5.77,112.0,19661,174.0,162.2,25.02,244.556,6.2,45.57
2025-08-25,113047789,3,31.37,6.11,52.6,11498,182.6,167.1,15.76,168.507,6.01,35.68
2025-08-25,614320,4,50.39,6.04,151.0,18269,176.5,123.1,21.11,197.494,5.61,34.31
2025-08-25,23177662,2,10.03,6.42,11.9,3861,163.5,141.3,5.02,47.157,5.41,11.03
2025-09-01,13419295,2,26.39,5.49,44.5,8699,181.4,140.3,16.36,104.556,5.58,6.02
2025-09-01,7211094,5,27.49,4.61,150.4,7603,86.3,160.0,10.01,105.885,4.58,57.33
2025-09-01,27736141,5,52.94,6.43,29.3,20419,165.4,145.9,22.63,263.911,6.3,44.95
2025-09-01,17584626,3,45.57,6.2,150.0,16955,179.0,153.6,30.02,233.28,5.96,39.82
2025-09-01,113047789,3,35.68,6.01,117.4,12872,182.7,160.1,19.48,179.206,6.39,41.23
2025-09-01,614320,2,34.31,5.61,99.0,11553,174.9,134.6,21.11,137.343,5.65,69.42
2025-09-01,23177662,2,11.03,5.41,19.6,3582,163.8,157.0,6.02,49.367,5.69,20.06
2025-09-08,13419295,1,6.02,5.58,11.9,2016,176.8,124.9,6.02,22.088,5.29,42.6
2025-09-08,7211094,6,57.33,4.58,293.0,15744,86.3,158.3,21.34,220.968,4.72,76.99
2025-09-08,98093514,2,9.71,7.57,19.0,4411,154.6,151.7,5.0,58.622,8.91,23.7
2025-09-08,32658279,3,32.35,5.53,86.5,10728,164.4,138.8,15.21,41.311,6.5,50.11
2025-09-08,27736141,6,44.95,6.3,52.7,17005,166.9,143.6,16.07,216.497,6.2,46.39
2025-09-08,17584626,4,39.82,5.96,118.0,14231,179.2,157.5,21.22,203.475,6.43,30.32
2025-09-08,113047789,4,41.23,6.39,112.0,15811,180.1,160.2,21.67,225.011,6.07,24.64
2025-09-08,614320,5,69.42,5.65,148.0,23532,175.5,131.6,25.21,264.273,5.74,60.73
2025-09-08,23177662,3,20.06,5.69,36.2,6850,163.5,159.4,10.01,93.774,6.07,14.15
2025-09-15,13419295,2,42.6,5.29,34.7,13525,179.6,150.3,30.44,50.904,5.59,16.2
2025-09-15,7211094,7,76.99,4.72,323.8,21787,86.3,151.7,30.24,284.852,4.54,20.49
2025-09-15,98093514,5,23.7,8.91,66.0,12677,143.6,138.9,8.12,145.053,8.14,5.07
2025-09-15,32658279,6,50.11,6.5,300.3,19533,162.1,140.0,31.78,76.711,5.77,39.16
2025-09-15,27736141,5,46.39,6.2,34.4,17262,167.1,142.4,18.17,219.583,5.93,25.06
2025-09-15,17584626,2,30.32,6.43,77.0,11706,176.8,161.2,25.2,168.3,6.19,35.33
2025-09-15,113047789,5,24.64,6.07,56.5,8971,219.7,172.2,8.38,134.508,6.24,15.45
2025-09-15,614320,4,60.73,5.74,252.0,20920,175.4,138.4,22.01,261.23,5.55,64.4
2025-09-15,23177662,3,14.15,6.07,19.3,5153,159.4,152.5,6.11,68.867,6.58,12.6
2025-09-22,13419295,3,16.2,5.59,26.5,5436,181.1,140.8,7.58,66.686,5.32,53.03
2025-09-22,7211094,2,20.49,4.54,35.6,5579,86.3,158.6,10.3,77.192,4.68,65.25
2025-09-22,32658279,5,39.16,5.77,114.2,13548,145.1,123.4,21.14,55.234,5.67,27.21
2025-09-22,27736141,4,25.06,5.93,17.9,8910,170.0,148.6,9.02,116.155,5.91,44.56
2025-09-22,113047789,1,15.45,6.24,18.0,5782,177.4,167.1,15.45,84.752,6.1,25.75
2025-09-22,614320,7,64.4,5.55,167.0,21462,175.5,134.8,18.21,253.941,5.58,55.64
2025-09-22,23177662,2,12.6,6.58,17.2,4972,164.2,138.0,7.54,60.553,6.43,23.13
2025-09-29,13419295,2,53.03,5.32,52.9,16920,180.3,143.8,43.01,230.313,6.05,18.07
2025-09-29,7211094,5,65.25,4.68,229.8,18311,86.3,156.0,21.53,248.99,4.87,59.0
2025-09-29,98093514,1,5.07,8.14,17.0,2477,148.6,152.8,5.07,33.2,10.96,25.26
2025-09-29,32658279,3,27.21,5.67,54.0,9252,83.2,141.6,13.02,114.957,5.41,52.59
2025-09-29,27736141,6,44.56,5.91,57.9,15801,166.5,142.6,21.2,209.441,6.04,18.13
2025-09-29,17584626,3,35.33,6.19,156.0,13127,172.6,164.8,15.06,189.965,6.23,42.71
2025-09-29,113047789,3,25.75,6.1,41.1,9427,179.7,146.9,15.3,125.676,6.15,27.15
2025-09-29,614320,5,55.64,5.58,237.0,18632,173.0,131.6,21.17,217.604,5.54,30.73
2025-09-29,23177662,4,23.13,6.43,26.5,8930,161.8,149.0,10.06,114.708,6.81,12.86
2025-10-06,13419295,2,18.07,6.05,18.6,6557,177.7,127.8,11.05,73.749,5.56,22.29
2025-10-06,7211094,3,59.0,4.87,235.0,17229,86.3,154.2,42.79,233.847,4.79,31.05
2025-10-06,98093514,4,25.26,10.96,141.0,16613,137.8,146.3,13.22,208.706,6.77,18.16
2025-10-06,32658279,3,52.59,5.41,195.4,17083,168.0,146.2,42.78,209.78,6.1,18.46
2025-10-06,27736141,3,18.13,6.04,16.3,6570,166.3,146.0,8.01,84.705,6.2,34.81
2025-10-06,17584626,1,42.71,6.23,117.0,15953,172.4,175.0,42.71,244.893,6.7,5.06
2025-10-06,113047789,2,27.15,6.15,93.5,10011,181.3,162.5,21.99,146.082,6.44,5.22
2025-10-06,614320,4,30.73,5.54,66.0,10215,172.8,126.4,13.21,112.642,5.78,41.07
2025-10-06,23177662,2,12.86,6.81,22.7,5256,161.3,142.5,6.76,65.315,6.28,20.06
2025-10-13,13419295,2,22.29,5.56,15.2,7434,180.0,141.4,17.01,89.066,4.69,20.25
2025-10-13,7211094,5,31.05,4.79,117.4,8928,86.3,146.8,10.02,116.339,4.86,38.42
2025-10-13,98093514,3,18.16,6.77,49.0,7380,157.7,157.0,7.51,101.988,9.02,17.2
2025-10-13,32658279,3,18.46,6.1,47.5,6754,163.8,132.2,7.11,78.03,5.39,10.07
2025-10-13,27736141,5,34.81,6.2,80.2,12950,166.3,142.5,9.02,161.157,6.0,23.88
2025-10-13,17584626,1,5.06,6.7,21.0,2032,167.2,149.3,5.06,26.612,6.46,5.15
2025-10-13,113047789,1,5.22,6.44,7.7,2015,171.4,159.2,5.22,28.139,6.12,30.33
2025-10-13,614320,4,41.07,5.78,101.0,14239,173.7,131.7,23.52,140.195,5.66,40.27
2025-10-13,23177662,3,20.06,6.28,37.5,7564,162.7,150.0,10.02,99.921,5.21,13.07
2025-10-20,13419295,3,20.25,4.69,10.4,5701,183.4,158.9,10.2,78.998,5.35,19.83
2025-10-20,7211094,3,38.42,4.86,95.6,11205,86.3,151.6,18.13,149.866,4.73,41.72
2025-10-20,98093514,2,17.2,9.02,25.0,9308,141.0,146.2,13.17,107.828,5.76,11.09
2025-10-20,32658279,2,10.07,5.39,23.2,3257,167.8,143.9,5.05,40.521,6.88,24.97
2025-10-20,27736141,4,23.88,6.0,7.7,8599,168.2,149.8,9.02,112.349,6.1,43.05
2025-10-20,17584626,1,5.15,6.46,14.0,1996,169.0,159.8,5.15,27.979,6.56,11.06
2025-10-20,113047789,4,30.33,6.12,52.5,11142,181.3,160.9,9.36,128.919,6.4,9.12
2025-10-20,614320,6,40.27,5.66,82.0,13688,173.9,136.1,14.41,158.357,5.58,58.21
2025-10-20,23177662,3,13.07,5.21,10.4,4084,162.0,160.3,5.04,57.389,5.77,23.09
2025-10-27,13419295,2,19.83,5.35,28.7,6368,178.8,131.9,16.27,76.865,4.83,10.55
2025-10-27,7211094,6,41.72,4.73,341.8,11833,86.3,151.8,12.4,157.426,4.75,30.61
2025-10-27,98093514,2,11.09,5.76,2.0,3835,160.8,174.3,6.06,58.624,7.05,10.11
2025-10-27,32658279,5,24.97,6.88,170.8,10303,154.0,125.4,6.12,109.853,5.73,31.86
2025-10-27,27736141,5,43.05,6.1,45.7,15749,168.6,148.1,12.88,204.899,6.12,20.54
2025-10-27,113047789,1,9.12,6.4,17.9,3506,182.4,162.5,9.12,49.976,6.15,23.04
2025-10-27,614320,8,58.21,5.58,138.0,19492,175.7,130.2,20.01,226.173,5.6,49.52
2025-10-27,23177662,5,23.09,5.77,45.2,7993,161.2,149.5,10.01,105.652,6.57,34.13
2025-11-03,13419295,2,10.55,4.83,94.4,3059,183.1,146.9,7.02,39.352,5.98,4.96
2025-11-03,7211094,4,30.61,4.75,58.2,8715,86.3,156.0,9.12,118.197,4.69,42.02
2025-11-03,98093514,2,10.11,7.05,29.0,4279,155.6,153.8,5.07,57.001,6.57,12.83
2025-11-03,32658279,4,31.86,5.73,275.7,10961,163.9,134.0,11.63,83.714,5.96,42.2
2025-11-03,27736141,3,20.54,6.12,15.6,7540,168.5,144.9,9.05,96.283,5.98,39.77
2025-11-03,17584626,2,11.06,6.56,29.0,4352,168.6,157.1,6.01,59.99,5.81,25.14
2025-11-03,113047789,4,23.04,6.15,40.2,8500,182.5,157.7,6.49,117.647,5.89,12.08
2025-11-03,614320,4,49.52,5.6,127.0,16642,175.2,131.3,17.11,188.292,5.39,33.98
2025-11-03,23177662,7,34.13,6.57,41.1,13455,160.9,141.2,10.02,161.893,6.45,15.04
2025-11-10,13419295,2,4.96,5.98,35.7,1781,180.8,141.3,4.01,19.37,5.09,26.03
2025-11-10,7211094,6,42.02,4.69,114.6,11833,86.3,155.9,9.03,160.518,4.4,27.94
2025-11-10,98093514,2,12.83,6.57,90.0,5060,158.7,163.0,7.81,72.492,6.62,29.67
2025-11-10,32658279,4,42.2,5.96,139.9,15100,165.6,121.6,14.09,33.419,5.77,40.61
2025-11-10,27736141,5,39.77,5.98,40.9,14259,168.2,147.6,12.86,185.981,6.12,36.01
2025-11-10,17584626,4,25.14,5.81,112.0,8759,169.1,160.8,7.87,123.569,6.7,20.49
2025-11-10,113047789,2,12.08,5.89,42.6,4268,179.1,160.3,6.9,59.491,6.21,36.29
2025-11-10,614320,4,33.98,5.39,121.0,10991,176.4,132.6,13.1,132.866,5.4,36.25
2025-11-10,23177662,2,15.04,6.45,132.8,5821,160.2,144.0,10.02,72.187,6.09,35.11
2025-11-17,13419295,2,26.03,5.09,97.4,7942,181.6,152.6,19.02,106.623,5.34,6.01
2025-11-17,7211094,5,27.94,4.4,154.0,7368,86.3,161.5,10.08,104.24,4.81,32.65
2025-11-17,98093514,3,29.67,6.62,74.0,11791,162.8,167.3,19.51,172.561,6.43,20.28
2025-11-17,32658279,4,40.61,5.77,261.1,14051,170.7,144.3,11.56,90.374,5.21,36.22
2025-11-17,27736141,4,36.01,6.12,42.5,13214,168.5,146.8,16.12,170.497,5.95,9.01
2025-11-17,17584626,3,20.49,6.7,66.0,8239,173.8,151.7,10.24,110.709,6.07,28.52
2025-11-17,113047789,6,36.29,6.21,178.6,13527,178.4,163.7,10.34,194.048,6.1,14.13
2025-11-17,614320,6,36.25,5.4,222.0,11745,176.6,132.5,13.21,133.453,5.59,18.11
2025-11-17,23177662,7,35.11,6.09,70.9,12833,160.4,150.4,10.01,161.185,5.36,16.06
2025-11-24,13419295,1,6.01,5.34,50.3,1926,184.0,156.0,6.01,26.356,5.26,19.02
2025-11-24,7211094,6,32.65,4.81,236.6,9427,86.3,151.3,8.01,125.114,4.58,23.48
2025-11-24,98093514,3,20.28,6.43,60.0,7819,166.2,159.9,10.01,110.224,6.71,30.17
2025-11-24,32658279,3,36.22,5.21,138.1,11321,162.2,133.3,21.15,21.538,5.81,24.66
2025-11-24,27736141,1,9.01,5.95,43.9,3216,171.2,149.7,9.01,42.231,6.44,16.01
2025-11-24,17584626,4,28.52,6.07,75.0,10393,176.5,164.5,10.04,150.012,5.94,31.44
2025-11-24,113047789,3,14.13,6.1,85.6,5173,181.2,161.0,5.27,73.079,6.21,26.14
2025-11-24,614320,2,18.11,5.59,69.0,6071,176.6,131.2,13.11,69.094,6.38,15.35
2025-11-24,23177662,4,16.06,5.36,23.1,5159,161.2,151.8,5.03,68.381,6.17,41.17
2025-12-01,13419295,1,19.02,5.26,136.6,6001,178.6,149.0,19.02,78.434,4.97,27.59
2025-12-01,7211094,2,23.48,4.58,268.1,6445,86.3,168.0,13.07,53.097,5.34,7.59
2025-12-01,98093514,3,30.17,6.71,89.0,12137,159.6,164.3,14.2,174.986,6.43,21.16
2025-12-01,32658279,2,24.66,5.81,271.9,8601,83.2,141.6,13.44,106.868,5.91,39.9
2025-12-01,27736141,1,16.01,6.44,54.4,6186,164.2,156.1,16.01,84.705,5.75,37.62
2025-12-01,17584626,3,31.44,5.94,95.0,11203,172.2,163.7,15.07,161.235,6.1,31.74
2025-12-01,113047789,4,26.14,6.21,110.2,9732,178.8,166.7,9.59,141.834,6.27,25.38
2025-12-01,614320,4,15.35,6.38,17.0,5876,169.5,127.1,5.51,69.541,5.72,62.68
2025-12-01,23177662,4,41.17,6.17,66.4,15230,161.3,150.5,21.11,194.004,6.45,25.16
2025-12-08,13419295,2,27.59,4.97,18.5,8231,182.4,158.7,21.57,116.707,4.79,21.12
2025-12-08,7211094,1,7.59,5.34,25.0,2430,86.3,148.4,7.59,31.633,4.52,10.85
2025-12-08,98093514,3,21.16,6.43,58.0,8166,161.1,167.9,10.1,119.092,6.49,13.4
2025-12-08,32658279,3,39.9,5.91,121.5,14154,151.4,125.1,15.52,59.664,5.43,25.48
2025-12-08,27736141,4,37.62,5.75,42.9,12987,169.2,155.0,21.29,179.893,6.35,6.42
2025-12-08,17584626,3,31.74,6.1,102.0,11621,172.4,161.3,15.14,164.684,6.28,27.16
2025-12-08,614320,7,62.68,5.72,120.6,21509,173.0,132.0,13.01,252.171,5.72,83.09
2025-12-08,23177662,3,25.16,6.45,43.8,9730,158.4,146.1,15.11,116.923,6.71,25.88
2025-12-15,13419295,1,21.12,4.79,14.3,6075,181.2,152.4,21.12,81.213,5.39,17.04
2025-12-15,7211094,3,10.85,4.52,36.4,2943,86.3,150.9,5.03,39.721,4.37,11.61
2025-12-15,98093514,3,13.4,6.49,29.0,5220,161.5,164.7,5.01,75.3,6.77,33.21
2025-12-15,32658279,3,25.48,5.43,36.7,8308,165.9,145.8,10.31,105.433,5.73,34.9
2025-12-15,17584626,4,27.16,6.28,84.0,10231,174.7,155.1,10.04,137.846,6.02,26.67
2025-12-15,113047789,3,25.38,6.27,92.6,9552,175.3,161.4,10.54,111.184,6.17,27.27
2025-12-15,614320,8,83.09,5.72,193.0,28517,175.9,132.4,24.21,344.873,5.66,53.28
2025-12-15,23177662,5,25.88,6.71,27.0,10417,157.5,135.7,10.43,126.561,5.88,25.71
2025-12-22,13419295,2,17.04,5.39,9.4,5512,177.2,135.3,11.01,66.568,6.22,12.04
2025-12-22,7211094,3,11.61,4.37,31.2,3043,86.3,161.0,5.5,44.383,4.88,19.27
2025-12-22,98093514,4,33.21,6.77,69.0,13486,152.9,159.1,18.11,189.979,6.36,32.41
2025-12-22,32658279,4,34.9,5.73,213.8,12004,169.8,159.2,11.28,19.244,5.89,50.61
2025-12-22,27736141,1,6.42,6.35,8.1,2445,165.8,153.2,6.42,32.857,6.14,5.01
2025-12-22,17584626,4,26.67,6.02,66.0,9640,175.0,152.1,10.11,129.414,6.01,39.63
2025-12-22,113047789,3,27.27,6.17,102.6,10103,172.8,163.3,15.58,146.697,6.37,21.35
2025-12-22,614320,6,53.28,5.66,76.0,18079,174.7,132.7,13.11,208.339,5.45,59.97
2025-12-22,23177662,7,25.71,5.88,131.8,9074,159.3,147.8,6.5,117.901,5.82,20.2
2025-12-29,13419295,2,12.04,6.22,94.8,4495,169.3,131.4,7.03,50.904,5.13,22.04
2025-12-29,7211094,4,19.27,4.88,97.1,5642,86.3,150.2,8.32,76.762,4.81,34.99
2025-12-29,98093514,3,32.41,6.36,94.0,12369,160.8,168.3,21.13,184.209,6.45,29.8
2025-12-29,32658279,4,50.61,5.89,169.1,17898,164.5,138.2,21.25,139.741,5.62,48.67
2025-12-29,27736141,1,5.01,6.14,3.0,1846,168.0,151.3,5.01,24.5,6.19,6.42
2025-12-29,17584626,5,39.63,6.01,124.0,14287,173.5,164.6,21.12,199.567,5.97,28.68
2025-12-29,113047789,3,21.35,6.37,90.0,8157,178.3,161.5,10.23,82.862,7.17,24.81
2025-12-29,614320,6,59.97,5.45,118.0,19613,176.6,129.7,21.21,221.032,5.2,61.45
2025-12-29,23177662,5,20.2,5.82,60.1,7057,160.4,151.1,5.11,92.981,6.25,28.38
2026-01-05,13419295,2,22.04,5.13,124.9,6788,182.3,149.3,12.02,89.563,5.36,24.04
2026-01-05,7211094,4,34.99,4.81,305.6,10093,86.3,158.2,13.04,139.766,4.75,38.51
2026-01-05,98093514,3,29.8,6.45,112.0,11527,158.9,165.4,18.17,167.519,6.72,25.03
2026-01-05,32658279,4,48.67,5.62,259.1,16420,167.0,133.4,16.09,48.153,6.1,43.39
2026-01-05,27736141,1,6.42,6.19,8.0,2384,166.6,158.9,6.42,33.23,6.11,10.81
2026-01-05,17584626,4,28.68,5.97,82.0,10274,174.0,161.0,15.04,144.445,6.03,33.41
2026-01-05,113047789,3,24.81,7.17,83.0,10676,156.8,165.7,13.67,154.991,6.85,19.1
2026-01-05,614320,7,61.45,5.2,107.0,19183,176.7,133.9,16.21,225.713,5.63,70.28
2026-01-05,23177662,6,28.38,6.25,35.7,10644,155.3,139.5,10.02,131.127,6.08,22.21
2026-01-12,13419295,2,24.04,5.36,22.3,7733,179.6,135.5,14.02,91.986,4.95,21.2
2026-01-12,7211094,4,38.51,4.75,477.2,10981,86.3,153.6,12.6,147.736,4.76,55.25
2026-01-12,98093514,3,25.03,6.72,92.0,10086,157.0,159.0,13.01,141.588,6.51,37.21
2026-01-12,32658279,4,43.39,6.1,322.6,15879,164.5,141.4,17.04,68.411,5.57,48.09
2026-01-12,27736141,2,10.81,6.11,8.6,3962,166.8,155.7,5.42,54.088,6.07,28.34
2026-01-12,17584626,4,33.41,6.03,86.0,12078,175.6,162.6,19.01,169.899,6.16,38.65
2026-01-12,113047789,2,19.1,6.85,77.7,7853,169.2,165.7,12.3,113.416,6.31,32.4
2026-01-12,614320,8,70.28,5.63,366.0,23762,174.5,131.6,14.01,275.318,5.69,57.46
2026-01-12,23177662,6,22.21,6.08,49.1,8106,159.4,144.5,5.03,102.923,6.02,20.06
2026-01-19,13419295,1,21.2,4.95,72.6,6293,184.6,148.4,21.2,81.919,5.28,17.48
2026-01-19,7211094,6,55.25,4.76,193.4,15770,86.3,155.1,18.67,214.939,5.05,57.19
2026-01-19,98093514,4,37.21,6.51,113.0,14527,160.2,164.5,21.2,211.162,6.19,33.14
2026-01-19,32658279,4,48.09,5.57,170.5,16067,162.9,134.1,24.24,57.583,5.89,63.27
2026-01-19,27736141,5,28.34,6.07,16.1,10323,167.0,151.9,7.55,138.065,5.78,14.8
2026-01-19,17584626,3,38.65,6.16,133.0,14293,173.7,152.4,21.12,189.484,6.09,46.66
2026-01-19,113047789,3,32.4,6.31,82.4,12258,178.4,167.9,21.28,181.435,6.28,32.7
2026-01-19,614320,7,57.46,5.69,142.0,19627,176.0,129.1,18.21,220.114,5.46,88.8
2026-01-19,23177662,5,20.06,6.02,38.7,7251,161.0,141.4,5.02,88.876,6.51,24.07
2026-01-26,13419295,2,17.48,5.28,58.3,5544,182.1,137.7,10.31,67.136,5.35,25.03
2026-01-26,7211094,5,57.19,5.05,713.8,17315,86.3,154.6,26.04,225.365,4.81,36.9
2026-01-26,98093514,4,33.14,6.19,46.0,12309,161.6,166.3,16.01,180.834,6.77,22.23
2026-01-26,32658279,7,63.27,5.89,512.0,22351,162.4,129.3,19.12,142.175,5.66,45.63
2026-01-26,27736141,3,14.8,5.78,10.1,5131,169.7,151.0,9.59,70.259,5.94,18.46
2026-01-26,17584626,6,46.66,6.09,116.0,17049,175.2,156.4,16.22,227.28,5.79,37.36
2026-01-26,113047789,3,32.7,6.28,118.3,12331,180.2,164.4,16.19,179.422,6.15,23.27
2026-01-26,614320,9,88.8,5.46,316.0,29110,177.2,133.0,24.51,333.578,5.37,50.78
2026-01-26,23177662,3,24.07,6.51,50.4,9409,158.8,145.0,14.02,112.715,6.01,32.24
2026-02-02,13419295,2,25.03,5.35,61.3,8037,184.5,147.6,15.01,104.397,4.78,15.09
2026-02-02,7211094,5,36.9,4.81,120.4,10654,86.3,153.2,11.02,144.312,4.85,48.69
2026-02-02,98093514,3,22.23,6.77,38.0,9023,157.7,160.5,11.04,127.787,6.39,37.3
2026-02-02,32658279,4,45.63,5.66,93.7,15485,166.7,140.7,15.27,127.979,5.79,38.85
2026-02-02,27736141,3,18.46,5.94,23.3,6577,169.2,152.3,8.04,87.704,6.06,10.81
2026-02-02,17584626,5,37.36,5.79,82.0,12986,176.1,162.0,14.01,181.395,5.83,44.6
2026-02-02,113047789,3,23.27,6.15,86.1,8592,184.3,166.3,12.22,125.573,6.29,31.68
2026-02-02,614320,9,50.78,5.37,61.0,16375,177.5,128.1,11.01,185.184,5.72,73.0
2026-02-02,23177662,4,32.24,6.01,68.1,11633,160.9,140.9,17.17,148.03,6.19,18.05
2026-02-09,13419295,2,15.09,4.78,37.5,4329,183.8,133.8,9.06,21.232,5.4,28.22
2026-02-09,7211094,5,48.69,4.85,282.4,14156,86.3,151.3,21.12,186.561,4.55,22.12
2026-02-09,98093514,4,37.3,6.39,86.0,14294,163.0,168.4,21.17,214.972,6.67,24.13
2026-02-09,32658279,4,38.85,5.79,156.1,13498,83.2,141.6,11.22,167.714,5.87,43.64
2026-02-09,27736141,2,10.81,6.06,8.7,3932,166.6,146.8,5.43,50.644,6.14,30.72
2026-02-09,17584626,5,44.6,5.83,133.0,15595,176.3,159.3,21.18,219.48,5.78,39.2
2026-02-09,113047789,3,31.68,6.29,91.0,11958,184.7,170.5,21.62,178.541,6.49,27.1
2026-02-09,614320,8,73.0,5.72,135.0,25064,175.9,130.5,25.1,272.268,5.13,65.51
2026-02-09,23177662,3,18.05,6.19,30.4,6702,162.0,140.2,7.01,81.361,6.45,29.18
2026-02-16,13419295,2,28.22,5.4,166.8,9137,181.8,156.9,21.18,98.627,4.13,5.02
2026-02-16,7211094,3,22.12,4.55,64.8,6033,86.3,141.5,10.52,77.025,4.81,41.54
2026-02-16,98093514,4,24.13,6.67,62.0,9654,158.5,162.7,10.11,138.734,6.85,28.7
2026-02-16,32658279,4,43.64,5.87,200.1,15376,160.2,135.7,14.15,84.635,6.11,64.2
2026-02-16,27736141,5,30.72,6.14,29.6,11319,166.9,149.2,9.64,148.469,6.97,24.73
2026-02-16,17584626,6,39.2,5.78,126.0,13599,175.0,161.7,10.33,194.145,6.04,6.07
2026-02-16,113047789,4,27.1,6.49,81.0,10560,180.8,158.9,10.12,148.392,6.43,29.21
2026-02-16,614320,8,65.51,5.13,92.0,20153,178.2,137.8,21.21,254.085,5.45,74.4
2026-02-16,23177662,3,29.18,6.45,70.5,11296,158.6,142.9,21.15,154.548,6.52,17.08
2026-02-23,13419295,1,5.02,4.13,18.7,1245,187.4,159.3,5.02,17.397,3.93,5.02
2026-02-23,7211094,4,41.54,4.81,201.6,11979,86.3,153.0,17.01,120.994,4.87,45.38
2026-02-23,98093514,3,28.7,6.85,54.0,11793,157.5,166.6,18.01,174.347,6.94,10.64
2026-02-23,32658279,6,64.2,6.11,370.8,23541,153.3,121.3,24.44,77.094,5.74,46.37
2026-02-23,27736141,5,24.73,6.97,446.9,10346,157.6,137.0,6.76,124.553,8.06,10.06
2026-02-23,17584626,1,6.07,6.04,8.0,2201,174.2,162.6,6.07,31.393,6.2,37.21
2026-02-23,113047789,3,29.21,6.43,80.3,11274,185.3,167.7,18.23,163.475,6.48,20.29
2026-02-23,614320,7,74.4,5.45,116.0,24316,175.9,124.9,25.21,257.642,5.48,68.3
2026-02-23,23177662,4,17.08,6.52,31.3,6683,158.5,136.6,5.03,80.173,5.67,25.46
2026-03-02,13419295,1,5.02,3.93,7.3,1182,189.6,163.7,5.02,16.973,4.59,5.59
2026-03-02,7211094,5,45.38,4.87,127.2,13263,172.4,151.6,14.01,174.009,4.71,53.89
2026-03-02,98093514,2,10.64,6.94,15.0,4430,155.9,159.2,5.62,61.861,6.47,24.47
2026-03-02,32658279,3,46.37,5.74,116.5,15968,162.2,139.5,27.18,36.172,5.98,68.88
2026-03-02,27736141,1,10.06,8.06,12.5,4862,159.8,135.1,10.06,57.619,6.81,5.09
2026-03-02,17584626,3,37.21,6.2,137.0,13835,174.3,151.7,21.26,186.55,6.09,39.36
2026-03-02,113047789,4,20.29,6.48,44.2,7883,180.8,166.4,8.07,114.632,6.2,32.29
2026-03-02,614320,8,68.3,5.48,551.0,22472,176.3,135.4,26.01,273.606,5.41,68.19
2026-03-02,23177662,3,25.46,5.67,55.1,8665,161.1,154.0,10.43,116.303,6.58,22.06
2026-03-09,13419295,1,5.59,4.59,84.0,1540,180.0,130.0,5.59,17.561,5.6,13.02
2026-03-09,7211094,4,53.89,4.71,147.6,15215,86.3,157.3,30.19,202.791,4.8,43.6
2026-03-09,98093514,4,24.47,6.47,35.0,9508,162.1,171.8,10.51,143.432,6.28,32.71
2026-03-09,32658279,5,68.88,5.98,869.3,24717,155.7,117.5,30.1,78.692,6.01,41.74
2026-03-09,17584626,6,39.36,6.09,108.0,14372,178.3,155.4,10.16,193.576,6.17,46.87
2026-03-09,113047789,5,32.29,6.2,105.6,12013,184.8,167.4,10.21,176.716,6.61,33.81
2026-03-09,614320,7,68.19,5.41,112.0,22138,174.5,125.1,21.41,237.939,5.36,56.08
2026-03-09,23177662,4,22.06,6.58,49.3,8706,157.1,138.4,6.01,104.947,6.17,39.04
2026-03-16,13419295,1,13.02,5.6,59.7,4374,182.4,129.3,13.02,49.61,6.25,6.51
2026-03-16,7211094,4,43.6,4.8,476.6,12557,86.3,157.1,20.43,168.823,4.58,43.65
2026-03-16,98093514,6,32.71,6.28,66.0,12327,162.8,166.6,13.14,181.103,6.38,34.86
2026-03-16,32658279,4,41.74,6.01,241.7,15058,163.4,122.9,17.13,34.595,5.4,35.74
2026-03-16,17584626,6,46.87,6.17,179.0,17346,175.8,157.9,21.28,246.356,6.24,15.54
2026-03-16,113047789,4,33.81,6.61,95.8,13414,181.2,163.5,13.21,106.343,6.22,34.69
2026-03-16,614320,6,56.08,5.36,123.0,18026,176.5,138.7,26.41,230.48,5.7,31.13
2026-03-16,23177662,3,39.04,6.17,117.3,14455,158.7,156.7,24.01,198.655,6.15,8.58
2026-03-23,13419295,1,6.51,6.25,46.8,2441,154.4,130.9,6.51,28.029,4.24,7.05
2026-03-23,7211094,6,43.65,4.58,196.6,11996,86.3,152.8,14.29,163.821,4.91,73.56
2026-03-23,98093514,4,34.86,6.38,151.0,13335,161.5,163.1,14.43,193.698,6.38,34.3
2026-03-23,32658279,3,35.74,5.4,176.6,11580,83.2,141.6,12.55,143.883,5.85,63.73
2026-03-23,27736141,1,5.09,6.81,3.0,2079,160.8,141.7,5.09,25.842,6.6,9.21
2026-03-23,17584626,2,15.54,6.24,42.0,5814,176.4,148.7,10.19,75.606,5.66,8.03
2026-03-23,113047789,4,34.69,6.22,220.6,12954,183.2,165.9,14.47,189.135,6.21,28.58
2026-03-23,614320,4,31.13,5.7,42.0,10643,169.5,122.8,13.1,113.351,5.33,57.25
2026-03-23,23177662,3,8.58,6.15,16.6,3169,159.9,148.9,5.04,41.213,6.09,24.62
2026-03-30,13419295,1,7.05,4.24,62.7,1794,186.8,165.7,7.05,26.076,4.93,6.57
2026-03-30,7211094,5,73.56,4.91,207.0,21674,86.3,148.5,34.12,276.665,4.69,67.75
2026-03-30,98093514,4,34.3,6.38,140.0,13132,160.7,166.4,17.1,193.296,6.75,22.89
2026-03-30,32658279,5,63.73,5.85,448.3,22371,160.7,130.6,24.16,66.702,5.46,48.88
2026-03-30,27736141,1,9.21,6.6,79.2,3643,162.2,150.4,9.21,48.062,6.06,5.09
2026-03-30,113047789,3,28.58,6.21,138.0,10644,182.1,162.5,17.03,150.816,6.12,23.8
2026-03-30,614320,6,57.25,5.33,133.0,18300,174.5,128.1,21.11,205.677,5.22,37.19
2026-03-30,23177662,6,24.62,6.09,65.9,8990,159.3,143.8,7.1,113.524,6.29,34.82
2026-04-06,13419295,1,6.57,4.93,79.4,1944,174.4,139.0,6.57,23.703,5.37,18.74
2026-04-06,7211094,7,67.75,4.69,206.5,19054,180.6,153.9,21.17,255.761,4.83,40.28
2026-04-06,98093514,3,22.89,6.75,100.0,9274,159.7,165.3,12.65,135.48,6.21,51.97
2026-04-06,32658279,5,48.88,5.46,523.5,16012,164.9,136.4,21.13,114.476,5.96,36.86
2026-04-06,27736141,1,5.09,6.06,2.2,1848,167.8,151.9,5.09,24.624,6.46,15.86
2026-04-06,17584626,1,8.03,5.66,5.0,2724,175.6,172.2,8.03,41.147,5.94,20.04
2026-04-06,113047789,4,23.8,6.12,142.0,8734,186.7,164.7,12.54,128.987,6.51,35.95
2026-04-06,614320,3,37.19,5.22,92.0,11643,169.8,143.9,21.07,150.385,5.39,34.42
2026-04-06,23177662,4,34.82,6.29,137.7,13133,153.8,134.1,21.21,151.045,6.69,28.3
2026-04-13,13419295,3,18.74,5.37,19.7,6034,177.7,135.6,7.68,71.742,4.9,40.16
2026-04-13,7211094,5,40.28,4.83,106.3,11672,175.6,149.3,13.61,152.257,5.25,66.23
2026-04-13,98093514,5,51.97,6.21,274.7,19370,164.0,164.0,21.12,194.507,7.18,26.55
2026-04-13,32658279,3,36.86,5.96,148.6,13177,167.3,134.5,16.08,154.883,5.64,57.44
2026-04-13,27736141,3,15.86,6.46,128.3,6146,165.7,148.3,5.44,79.934,6.03,20.49
2026-04-13,17584626,2,20.04,5.94,41.0,7138,178.1,161.4,14.01,100.155,6.75,53.17
2026-04-13,113047789,3,35.95,6.51,222.0,14046,183.2,160.8,20.79,197.773,6.76,31.42
2026-04-13,614320,6,34.42,5.39,58.0,11133,178.0,130.4,13.01,126.574,5.15,54.01
2026-04-13,23177662,6,28.3,6.69,46.4,11353,159.0,135.9,5.11,113.665,5.46,6.2
2026-04-20,13419295,5,40.16,4.9,31.1,11816,176.8,135.0,22.47,152.486,5.54,10.03
2026-04-20,7211094,5,66.23,5.25,261.6,20875,86.3,139.7,42.56,264.337,4.64,14.34
2026-04-20,98093514,2,26.55,7.18,111.0,11431,149.9,157.2,21.54,163.365,6.62,22.91
2026-04-20,32658279,4,57.44,5.64,127.2,19441,152.5,121.2,42.41,65.75,6.07,21.75
2026-04-20,27736141,3,20.49,6.03,93.9,7410,169.3,153.1,10.04,100.903,6.43,10.19
2026-04-20,17584626,4,53.17,6.75,236.0,21535,173.1,153.6,21.27,174.943,6.02,44.23
2026-04-20,113047789,3,31.42,6.76,129.0,12737,179.2,163.2,21.03,181.506,6.78,27.39
2026-04-20,614320,5,54.01,5.15,123.0,16694,176.9,131.0,21.26,191.239,5.52,32.85
2026-04-20,23177662,2,6.2,5.46,12.6,2031,163.4,157.9,5.03,27.536,5.81,16.23
2026-04-27,13419295,2,10.03,5.54,7.0,3335,182.3,128.0,5.02,37.419,5.39,33.39
2026-04-27,7211094,3,14.34,4.64,59.2,3993,86.3,155.0,6.34,54.19,4.7,38.86
2026-04-27,98093514,2,22.91,6.62,89.0,9096,162.2,161.8,17.17,130.623,5.9,25.27
2026-04-27,32658279,3,21.75,6.07,77.9,7922,164.5,131.7,10.48,92.334,5.47,46.25
2026-04-27,27736141,2,10.19,6.43,46.4,3933,166.1,147.4,5.18,50.862,6.5,20.87
2026-04-27,17584626,4,44.23,6.02,190.0,15976,175.9,160.8,16.03,170.262,6.18,18.22
2026-04-27,113047789,3,27.39,6.78,158.0,11138,180.8,160.0,17.15,157.169,6.27,18.1
2026-04-27,614320,5,32.85,5.52,68.0,10881,175.4,133.7,13.01,125.355,5.55,65.15
2026-04-27,23177662,3,16.23,5.81,35.5,5659,159.8,160.4,10.02,79.672,5.96,5.02
2026-05-04,13419295,4,33.39,5.39,476.3,10792,183.0,135.9,11.31,130.928,4.1,5.4
2026-05-04,7211094,8,38.86,4.7,106.2,10961,86.3,154.1,12.16,148.915,4.78,56.22
2026-05-04,98093514,4,25.27,5.9,26.0,8948,166.6,171.0,10.01,135.002,6.66,28.36
2026-05-04,32658279,5,46.25,5.47,200.4,15185,156.4,137.8,21.22,190.812,6.08,33.7
2026-05-04,27736141,4,20.87,6.5,165.7,8140,167.0,146.1,5.24,104.295,6.24,24.23
2026-05-04,17584626,4,18.22,6.18,145.0,6755,176.8,150.2,5.74,89.344,6.09,44.18
2026-05-04,113047789,2,18.1,6.27,47.0,6811,182.6,165.1,12.04,99.365,6.83,38.53
2026-05-04,614320,6,65.15,5.55,308.0,21712,176.8,131.2,21.31,248.826,5.6,66.26
2026-05-04,23177662,1,5.02,5.96,12.3,1795,161.6,142.9,5.02,22.5,6.8,10.04
2026-05-11,13419295,1,5.4,4.1,10.1,1329,193.2,161.9,5.4,18.874,4.07,5.02
2026-05-11,7211094,8,56.22,4.78,387.8,16131,86.3,154.6,17.32,215.807,4.65,72.92
2026-05-11,98093514,2,28.36,6.66,213.0,11330,163.6,166.7,22.82,170.899,7.43,5.02
2026-05-11,32658279,5,33.7,6.08,317.7,12293,148.3,128.3,10.6,140.234,6.24,51.65
2026-05-11,27736141,4,24.23,6.24,170.4,9064,168.4,149.2,8.5,118.934,6.38,29.29
2026-05-11,17584626,4,44.18,6.09,149.0,16138,178.0,167.0,21.15,233.092,7.21,25.46
2026-05-11,113047789,4,38.53,6.83,264.0,15790,178.8,160.3,22.91,192.732,6.46,25.23
2026-05-11,614320,6,66.26,5.6,130.0,22256,176.7,136.6,22.12,269.88,5.58,44.86
2026-05-11,23177662,2,10.04,6.8,21.7,4095,159.4,142.7,5.02,51.254,7.48,10.01
2026-05-18,13419295,1,5.02,4.07,7.5,1226,192.6,165.3,5.02,17.777,5.15,34.46
2026-05-18,7211094,8,72.92,4.65,509.2,20333,86.3,155.3,21.31,273.154,4.79,54.66
2026-05-18,98093514,1,5.02,7.43,15.0,2238,160.2,158.8,5.02,31.175,7.4,10.15
2026-05-18,32658279,5,51.65,6.24,848.9,19335,152.5,124.3,24.04,194.768,5.61,52.9
2026-05-18,27736141,5,29.29,6.38,209.1,11209,170.0,147.3,8.44,144.6,6.39,13.7
2026-05-18,17584626,4,25.46,7.21,78.0,11022,167.5,140.0,10.22,133.854,6.17,31.88
2026-05-18,113047789,3,25.23,6.46,74.0,9783,181.1,164.8,10.14,143.934,6.5,15.2
2026-05-18,614320,4,44.86,5.58,319.0,15012,176.8,134.6,14.02,175.697,5.34,35.34
2026-05-18,23177662,1,10.01,7.48,18.2,4493,157.4,149.0,10.01,58.724,6.57,25.08
2026-05-25,7211094,8,54.66,4.79,307.0,15699,86.3,152.6,15.13,211.284,4.85,61.39
2026-05-25,98093514,2,10.15,7.4,14.0,4509,156.6,163.3,5.11,32.116,7.48,14.61
2026-05-25,32658279,5,52.9,5.61,199.9,17800,165.1,142.9,27.24,223.125,5.89,53.58
2026-05-25,27736141,2,13.7,6.39,87.8,5251,167.3,149.3,8.47,68.853,6.59,30.6
2026-05-25,17584626,3,31.88,6.17,100.0,11801,176.3,154.1,16.09,160.466,6.47,42.5
2026-05-25,113047789,2,15.2,6.5,47.0,5925,179.7,167.0,10.14,87.086,6.8,26.34
2026-05-25,614320,5,35.34,5.34,82.0,11328,177.4,130.3,16.3,131.961,5.84,41.12
2026-05-25,23177662,3,25.08,6.57,51.9,9892,159.6,149.8,15.02,130.154,6.87,27.09
2026-06-01,13419295,5,34.46,5.15,185.2,10647,185.1,148.3,9.53,138.762,4.22,10.39
2026-06-01,7211094,9,61.39,4.85,458.4,17853,86.3,152.2,22.26,239.988,4.6,43.52
2026-06-01,98093514,3,14.61,7.48,134.0,6560,159.5,160.6,5.58,92.441,6.65,15.27
2026-06-01,32658279,4,53.58,5.89,314.8,18942,160.1,140.2,34.08,231.893,5.89,61.64
2026-06-01,27736141,4,30.6,6.59,176.3,12105,166.9,150.1,11.72,160.368,6.57,45.13
2026-06-01,17584626,4,42.5,6.47,274.0,16487,175.8,154.0,16.26,222.465,6.26,44.27
2026-06-01,113047789,3,26.34,6.8,169.0,10744,178.1,166.7,16.15,158.006,6.85,5.27
2026-06-01,614320,3,41.12,5.84,88.0,14417,176.0,120.2,24.31,147.464,5.87,12.56
2026-06-01,23177662,4,27.09,6.87,39.8,11159,152.0,140.0,11.02,138.783,6.21,20.25
2026-06-08,13419295,1,10.39,4.22,3.2,2630,190.6,167.8,10.39,38.712,5.68,6.35
2026-06-08,7211094,8,43.52,4.6,224.2,12018,86.3,151.3,12.02,159.285,4.72,71.69
2026-06-08,98093514,3,15.27,6.65,34.0,6089,160.4,120.8,5.22,38.651,7.35,17.75
2026-06-08,32658279,5,61.64,5.89,399.8,21785,162.2,136.6,31.79,262.705,5.65,52.4
2026-06-08,27736141,5,45.13,6.57,168.3,17786,167.9,146.8,13.01,228.307,6.53,33.88
2026-06-08,17584626,4,44.27,6.26,253.0,16625,177.8,149.6,18.18,221.144,6.08,41.5
2026-06-08,113047789,1,5.27,6.85,4.0,2169,178.8,153.0,5.27,29.11,6.49,17.82
2026-06-08,614320,3,12.56,5.87,67.0,4426,179.6,122.6,5.51,48.073,6.7,6.93
2026-06-08,23177662,3,20.25,6.21,29.4,7547,161.7,151.8,10.11,101.574,6.32,20.56
2026-06-15,7211094,9,71.69,4.72,278.4,20321,86.3,147.5,21.63,261.271,4.68,39.19
2026-06-15,98093514,4,17.75,7.35,58.0,7831,151.2,152.1,5.86,107.476,7.6,10.28
2026-06-15,32658279,6,52.4,5.65,182.0,17758,160.2,130.1,21.22,56.886,5.65,38.99
2026-06-15,27736141,4,33.88,6.53,180.0,13285,167.3,146.8,15.02,171.101,6.43,31.43
2026-06-15,17584626,5,41.5,6.08,163.0,15131,178.4,155.5,18.05,205.551,6.31,49.72
2026-06-15,113047789,4,17.82,6.49,72.0,6935,180.2,168.8,5.56,102.527,6.61,9.51
2026-06-15,23177662,4,20.56,6.32,22.1,7795,159.4,141.7,5.22,96.7,6.24,24.08
2026-06-22,7211094,8,39.19,4.68,144.0,10995,86.3,147.1,8.25,135.868,4.9,77.95
2026-06-22,98093514,2,10.28,7.6,56.0,4692,155.6,156.5,5.28,64.252,6.74,28.48
2026-06-22,32658279,4,38.99,5.65,300.3,13209,162.5,135.1,13.22,131.934,5.51,56.2
2026-06-22,27736141,4,31.43,6.43,179.4,12134,168.8,147.8,9.3,157.812,6.94,48.65
2026-06-22,17584626,5,49.72,6.31,208.0,18835,179.0,142.7,24.03,193.115,6.4,41.72
2026-06-22,113047789,2,9.51,6.61,50.0,3769,184.8,153.6,5.02,50.833,6.64,29.54
2026-06-22,23177662,4,24.08,6.24,58.7,9016,161.2,152.5,10.01,118.643,8.14,3.09
2026-06-29,7211094,7,77.95,4.9,308.4,22904,86.3,144.6,28.26,292.804,4.9,75.77
2026-06-29,98093514,5,28.48,6.74,68.0,11513,156.7,161.7,10.11,166.816,6.05,28.75
2026-06-29,32658279,4,56.2,5.51,132.2,18571,162.5,135.1,43.11,239.988,5.96,50.33
2026-06-29,27736141,5,48.65,6.94,213.0,20243,164.5,139.8,18.13,249.972,6.36,36.64
2026-06-29,17584626,6,41.72,6.4,130.0,16024,176.9,152.2,16.06,214.259,6.3,42.72
2026-06-29,113047789,4,29.54,6.64,88.0,11764,182.1,160.8,10.02,166.83,6.23,5.52
2026-06-29,614320,3,6.93,6.7,11.0,2785,165.5,117.3,3.24,28.536,6.27,3.21
2026-06-29,23177662,1,3.09,8.14,6.1,1509,144.2,129.3,3.09,17.115,6.7,22.3
2026-07-06,13419295,1,6.35,5.68,10.7,2165,177.4,123.4,6.35,23.435,4.94,24.03
2026-07-06,7211094,9,75.77,4.9,582.2,22283,86.3,145.1,18.99,287.494,4.8,73.11
2026-07-06,98093514,4,28.75,6.05,14.0,10428,162.1,166.4,12.07,152.426,6.21,21.36
2026-07-06,32658279,5,50.33,5.96,118.1,18007,164.4,130.3,17.64,208.186,5.56,41.86
2026-07-06,27736141,3,36.64,6.36,110.0,13975,169.3,150.7,21.31,187.823,6.51,25.61
2026-07-06,17584626,3,42.72,6.3,164.0,16138,177.3,151.1,25.11,215.835,6.43,40.74
2026-07-06,113047789,1,5.52,6.23,16.9,2062,169.2,151.3,5.52,27.367,6.72,46.62
2026-07-06,23177662,4,22.3,6.7,32.5,8964,159.8,142.6,6.21,112.275,6.75,11.02
2026-07-13,32658279,4,41.86,5.56,275.1,13973,164.1,138.2,13.24,169.957,5.92,15.11
2026-07-13,27736141,4,25.61,6.51,130.8,9998,167.3,147.0,8.09,128.074,6.28,7.03
2026-07-13,17584626,5,40.74,6.43,159.0,15726,179.4,143.8,12.16,196.466,6.03,6.21
